Date,PETR4.SA,VALE3.SA,ITUB4.SA
2015-01-02,2.460991621017456,9.982887268066406,8.515738487243652
2015-01-05,2.250650644302368,9.83276653289795,8.558533668518066
2015-01-06,2.1770312786102295,10.226829528808594,8.696981430053711
2015-01-07,2.2795724868774414,10.602124214172363,9.011630058288574
2015-01-08,2.4268109798431396,10.71471118927002,9.152600288391113
2015-01-09,2.5004305839538574,10.484846115112305,8.752362251281738
2015-01-12,2.324270486831665,10.620887756347656,8.540910720825195
2015-01-13,2.3900012969970703,10.559900283813477,8.530839920043945
2015-01-14,2.3426754474639893,9.710796356201172,8.588739395141602
2015-01-15,2.447845697402954,9.823383331298828,8.513221740722656
2015-01-16,2.4820261001586914,10.264358520507812,8.64411449432373
2015-01-19,2.4110360145568848,10.15645980834961,8.331979751586914
2015-01-20,2.447845697402954,10.198680877685547,8.359667778015137
2015-01-21,2.6029720306396484,10.358182907104492,8.606355667114258
2015-01-22,2.6897380352020264,10.27843189239502,8.649154663085938
2015-01-23,2.6240062713623047,9.626354217529297,8.566082000732422
2015-01-26,2.5845673084259033,9.185383796691895,8.666772842407227
2015-01-27,2.666074752807617,8.913290023803711,8.634044647216797
2015-01-28,2.3952600955963135,8.861687660217285,8.457842826843262
2015-01-29,2.2795724868774414,8.46762466430664,8.399945259094238
2015-01-30,2.1822898387908936,8.730334281921387,8.281639099121094
2015-02-02,2.3111236095428467,9.260440826416016,8.391188621520996
2015-02-03,2.6213769912719727,9.790546417236328,8.62539291381836
2015-02-04,2.6345226764678955,9.640426635742188,8.942705154418945
2015-02-05,2.5845673084259033,9.593514442443848,8.867161750793457
2015-02-06,2.3978893756866455,9.579442024230957,8.847013473510742
2015-02-09,2.4715092182159424,10.128312110900879,8.902413368225098
2015-02-10,2.3426754474639893,9.570059776306152,8.789087295532227
2015-02-11,2.3873724937438965,9.898445129394531,8.640511512756348
2015-02-12,2.4846556186676025,10.123620986938477,8.867624282836914
2015-02-13,2.637152910232544,10.545829772949219,9.16184139251709
2015-02-18,2.639782190322876,10.653728485107422,9.21603012084961
2015-02-19,2.553016185760498,10.367565155029297,9.213451385498047
2015-02-20,2.534611701965332,10.611509323120117,9.26248550415039
2015-02-23,2.4978017807006836,10.142387390136719,9.352815628051758
2015-02-24,2.6029720306396484,10.339418411254883,9.450881958007812
2015-02-25,2.4715092182159424,10.386326789855957,9.474108695983887
2015-02-26,2.4268109798431396,9.968811988830566,9.520564079284668
2015-02-27,2.5109477043151855,9.968811988830566,9.419917106628418
2015-03-02,2.4767682552337646,9.645115852355957,9.377313613891602
2015-03-03,2.516206979751587,9.753019332885742,9.449603080749512
2015-03-04,2.4373295307159424,9.5653657913208,9.366986274719238
2015-03-05,2.42944073677063,9.147851943969727,9.284369468688965
2015-03-06,2.432070016860962,9.190073013305664,9.036505699157715
2015-03-09,2.3453047275543213,9.166613578796387,8.801557540893555
2015-03-10,2.240133762359619,8.960204124450684,8.455589294433594
2015-03-11,2.2979776859283447,8.847614288330078,8.742172241210938
2015-03-12,2.226987600326538,8.847614288330078,8.778321266174316
2015-03-13,2.1928069591522217,8.856996536254883,8.734427452087402
2015-03-16,2.2059528827667236,8.866376876831055,8.734427452087402
2015-03-17,2.3295297622680664,9.326115608215332,8.984869956970215
2015-03-18,2.41892409324646,9.190073013305664,9.255966186523438
2015-03-19,2.3453047275543213,8.983657836914062,9.199164390563965
2015-03-20,2.424182653427124,9.499692916870117,9.276618957519531
2015-03-23,2.45310378074646,9.560676574707031,9.217238426208496
2015-03-24,2.4767682552337646,9.185383796691895,9.160431861877441
2015-03-25,2.5766797065734863,9.26982307434082,9.152691841125488
2015-03-26,2.45310378074646,8.875761032104492,8.894503593444824
2015-03-27,2.460991621017456,8.608362197875977,8.739590644836426
2015-03-30,2.553016185760498,8.735025405883789,9.03392505645752
2015-03-31,2.539870023727417,8.416022300720215,9.116545677185059
2015-04-01,2.6976258754730225,8.228376388549805,9.427793502807617
2015-04-02,2.8106839656829834,8.444170951843262,9.518195152282715
2015-04-06,2.8159425258636475,8.505154609680176,9.634429931640625
2015-04-07,2.871157646179199,8.913290023803711,9.639595031738281
2015-04-08,2.779132843017578,8.796010971069336,9.686088562011719
2015-04-09,3.0446887016296387,8.819466590881348,9.492362976074219
2015-04-10,3.105161428451538,8.641201972961426,9.562106132507324
2015-04-13,3.2261083126068115,8.556758880615234,9.487194061279297
2015-04-14,3.276064157485962,8.796010971069336,9.487194061279297
2015-04-15,3.507439613342285,9.01496696472168,9.624093055725098
2015-04-16,3.412785291671753,8.753243446350098,9.55177116394043
2015-04-17,3.404898166656494,8.627226829528809,9.430373191833496
2015-04-20,3.4364492893218994,8.593299865722656,9.272806167602539
2015-04-22,3.418044090270996,9.4269437789917,9.531107902526855
2015-04-23,3.383864164352417,10.221811294555664,9.789406776428223
2015-04-24,3.475888252258301,11.244477272033691,10.107110977172852
2015-04-27,3.291839361190796,11.370491981506348,9.918554306030273
2015-04-28,3.3575708866119385,10.929437637329102,10.019292831420898
2015-04-29,3.3707172870635986,10.231504440307617,9.882390975952148
2015-04-30,3.433819532394409,10.977906227111816,9.952128410339355
2015-05-04,3.6257565021514893,12.010265350341797,10.064536094665527
2015-05-05,3.7940287590026855,13.115324020385742,9.96634292602539
2015-05-06,3.6257565021514893,12.082966804504395,9.71569538116455
2015-05-07,3.591576099395752,11.574052810668945,9.754459381103516
2015-05-08,3.5521368980407715,11.026373863220215,9.883651733398438
2015-05-11,3.6204981803894043,11.283251762390137,9.83714485168457
2015-05-12,3.6099801063537598,10.822808265686035,9.793218612670898
2015-05-13,3.675712823867798,10.468996047973633,9.726035118103027
2015-05-14,3.654677391052246,10.338133811950684,9.821635246276855
2015-05-15,3.6914870738983154,10.313899993896484,10.005106925964355
2015-05-18,3.602092742919922,9.809836387634277,9.7389554977417
2015-05-19,3.389122724533081,9.751675605773926,9.602005004882812
2015-05-20,3.3759758472442627,9.62081527709961,9.431464195251465
2015-05-21,3.544248342514038,9.814684867858887,9.317765235900879
2015-05-22,3.4364492893218994,9.819527626037598,9.121383666992188
2015-05-25,3.3733465671539307,9.969779014587402,9.154975891113281
2015-05-26,3.2576587200164795,10.076411247253418,9.020612716674805
2015-05-27,3.297097682952881,10.15395736694336,9.204076766967773
2015-05-28,3.3260200023651123,9.955238342285156,9.095545768737793
2015-05-29,3.241884469985962,9.717748641967773,8.870739936828613
2015-06-01,3.2497713565826416,9.712902069091797,8.809992790222168
2015-06-02,3.38649320602417,10.34782600402832,9.006461143493652
2015-06-03,3.362830400466919,10.124876976013184,8.778966903686523
2015-06-05,3.3049862384796143,9.984320640563965,8.569580078125
2015-06-08,3.3049862384796143,9.741982460021973,8.533385276794434
2015-06-09,3.418044090270996,9.683821678161621,8.479098320007324
2015-06-10,3.439077854156494,10.279970169067383,8.727272033691406
2015-06-11,3.4443371295928955,10.338133811950684,8.672981262207031
2015-06-12,3.4233038425445557,10.255739212036133,8.582501411437988
2015-06-15,3.4206740856170654,9.858304977416992,8.62645149230957
2015-06-16,3.517956495285034,9.572346687316895,8.931496620178223
2015-06-17,3.4548535346984863,9.436636924743652,8.77380084991455
2015-06-18,3.5363616943359375,9.887385368347168,8.990950584411621
2015-06-19,3.4574828147888184,9.848609924316406,8.890132904052734
2015-06-22,3.4627416133880615,9.543264389038086,8.91598129272461
2015-06-23,3.41015625,9.601426124572754,9.003872871398926
2015-06-24,3.475888252258301,9.596577644348145,9.034897804260254
2015-06-25,3.312873363494873,9.363934516906738,8.879789352416992
2015-06-26,3.473259210586548,9.50933837890625,8.957342147827148
2015-06-29,3.3786046504974365,9.30577564239502,8.843594551086426
2015-06-30,3.3365371227264404,8.864720344543457,8.846179962158203
2015-07-01,3.197185754776001,8.777477264404297,8.89661693572998
2015-07-02,3.2471420764923096,8.758090019226074,9.015578269958496
2015-07-03,3.092015266418457,8.56906795501709,8.925061225891113
2015-07-06,3.0262839794158936,8.554526329040527,8.772472381591797
2015-07-07,3.0946450233459473,8.69023609161377,8.806095123291016
2015-07-08,3.0131378173828125,8.317034721374512,8.705236434936523
2015-07-10,3.105161428451538,8.292802810668945,8.96902847290039
2015-07-13,3.099902868270874,8.966501235961914,9.051789283752441
2015-07-14,3.152489185333252,8.636920928955078,9.05799388885498
2015-07-15,3.097273588180542,8.292802810668945,8.901525497436523
2015-07-16,3.152489185333252,8.549676895141602,8.927127838134766
2015-07-17,2.9999911785125732,8.457592964172363,8.873080253601074
2015-07-20,2.8369765281677246,8.38973617553711,8.819025993347168
2015-07-21,2.8212008476257324,8.506057739257812,8.745062828063965
2015-07-22,2.7239184379577637,8.380043983459473,8.60851001739502
2015-07-23,2.6608152389526367,8.394582748413086,8.250059127807617
2015-07-24,2.637152910232544,8.137706756591797,8.2130765914917
2015-07-27,2.4978017807006836,8.123164176940918,8.19600772857666
2015-07-28,2.6345226764678955,8.767784118652344,8.346785545349121
2015-07-29,2.8133137226104736,8.893798828125,8.429281234741211
2015-07-30,2.739694118499756,8.457592964172363,8.324024200439453
2015-07-31,2.7580983638763428,8.661154747009277,8.557304382324219
2015-08-03,2.637152910232544,8.525446891784668,8.516029357910156
2015-08-04,2.671333074569702,8.77263069152832,8.311095237731934
2015-08-05,2.631894588470459,9.213685989379883,8.296868324279785
2015-08-06,2.7186596393585205,9.489952087402344,8.265564918518066
2015-08-07,2.547757625579834,8.927727699279785,8.0236234664917
2015-08-10,2.6266355514526367,9.3784761428833,8.128936767578125
2015-08-11,2.6240062713623047,9.01496696472168,8.11186408996582
2015-08-12,2.5819387435913086,9.170063018798828,7.8784637451171875
2015-08-13,2.4978017807006836,8.956807136535645,7.695728302001953
2015-08-14,2.445216417312622,8.821098327636719,7.687081336975098
2015-08-17,2.4057772159576416,8.729009628295898,7.60638427734375
2015-08-18,2.3637092113494873,8.443053245544434,7.7331953048706055
2015-08-19,2.2979776859283447,8.161937713623047,7.574674129486084
2015-08-20,2.2848315238952637,8.321882247924805,7.591968536376953
2015-08-21,2.1822898387908936,8.094085693359375,7.609262943267822
2015-08-24,2.0744895935058594,7.464006423950195,7.453614711761475
2015-08-25,2.0639727115631104,7.439769744873047,7.439207553863525
2015-08-26,2.137592315673828,7.7063446044921875,7.888837814331055
2015-08-27,2.3453047275543213,8.573914527893066,8.168427467346191
2015-08-28,2.3715968132019043,8.38973617553711,7.934959888458252
2015-08-31,2.4162938594818115,8.685389518737793,7.65249490737915
2015-09-01,2.2585384845733643,8.287955284118652,7.475132465362549
2015-09-02,2.319011926651001,8.777477264404297,7.651057243347168
2015-09-03,2.303236246109009,9.077977180480957,7.942327976226807
2015-09-04,2.237504005432129,8.840485572814941,7.619332313537598
2015-09-08,2.271684408187866,9.174911499023438,7.702963352203369
2015-09-09,2.2059528827667236,9.237919807434082,7.789483070373535
2015-09-10,2.095524311065674,9.664434432983398,7.633745193481445
2015-09-11,2.014017105102539,9.4269437789917,7.648171424865723
2015-09-14,2.029792070388794,9.281539916992188,7.956748962402344
2015-09-15,2.011387825012207,9.01496696472168,8.15285587310791
2015-09-16,2.1402218341827393,9.228225708007812,8.288399696350098
2015-09-17,2.066602945327759,9.446330070495605,8.360499382019043
2015-09-18,1.9982408285140991,9.649890899658203,8.031732559204102
2015-09-21,1.9193633794784546,9.659585952758789,7.8529253005981445
2015-09-22,1.8325978517532349,9.431787490844727,7.927908897399902
2015-09-23,1.7931586503982544,9.160369873046875,7.613561630249023
2015-09-24,1.8299684524536133,8.942267417907715,7.700080871582031
2015-09-25,1.7931586503982544,8.69023609161377,7.512627124786377
2015-09-28,1.693246603012085,8.04076862335205,7.506857872009277
2015-09-29,1.7326856851577759,7.987456321716309,7.475132465362549
2015-09-30,1.9035874605178833,8.03592300415039,7.645285606384277
2015-10-01,1.8457435369491577,8.346116065979004,7.756374835968018
2015-10-02,2.0429389476776123,8.636920928955078,8.070907592773438
2015-10-05,2.0560855865478516,8.79201602935791,8.241157531738281
2015-10-06,2.153367519378662,8.874410629272461,8.316177368164062
2015-10-07,2.226987600326538,9.766216278076172,8.5527925491333
2015-10-08,2.3006069660186768,9.722594261169434,8.584534645080566
2015-10-09,2.313753128051758,10.076411247253418,8.526827812194824
2015-10-13,2.137592315673828,9.005274772644043,8.070907592773438
2015-10-14,2.092895030975342,9.063437461853027,7.995880603790283
2015-10-15,2.103411912918091,9.194296836853027,7.863147735595703
2015-10-16,2.0902652740478516,9.10708999633789,7.7448344230651855
2015-10-19,2.0902652740478516,8.800553321838379,7.929516315460205
2015-10-20,2.116558074951172,8.706613540649414,7.76792573928833
2015-10-21,2.03767991065979,8.94393253326416,7.710206985473633
2015-10-22,2.108670711517334,9.151585578918457,7.871804237365723
2015-10-23,2.100782632827759,9.196081161499023,7.819864273071289
2015-10-26,2.0639727115631104,8.830218315124512,7.704438209533691
2015-10-27,1.9982408285140991,8.419853210449219,7.661154747009277
2015-10-28,2.0902652740478516,8.192424774169922,7.71309757232666
2015-10-29,2.000870704650879,7.979825973510742,7.502452373504639
2015-10-30,2.027163505554199,8.434685707092285,7.638070583343506
2015-11-03,2.229616403579712,8.775832176208496,8.130342483520508
2015-11-04,2.124446153640747,8.602787971496582,8.150554656982422
2015-11-05,2.132333993911743,8.380302429199219,8.248719215393066
2015-11-06,2.0560855865478516,7.747454643249512,8.12456226348877
2015-11-09,2.0797486305236816,7.633738994598389,7.916687965393066
2015-11-10,2.000870704650879,7.6040730476379395,7.9657673835754395
2015-11-11,2.029792070388794,7.574407577514648,8.182307243347168
2015-11-12,1.9929829835891724,7.44091796875,8.205409049987793
2015-11-13,1.911475658416748,7.599129676818848,7.977317810058594
2015-11-16,2.024534225463867,7.44091796875,8.202521324157715
2015-11-17,2.0403099060058594,7.1788787841796875,8.260258674621582
2015-11-18,2.0560855865478516,7.213487148284912,8.24005126953125
2015-11-19,2.0613436698913574,7.23820686340332,8.465250015258789
2015-11-23,2.124446153640747,7.045387268066406,8.462362289428711
2015-11-24,2.234875202178955,7.154157638549805,8.473913192749023
2015-11-25,2.0771193504333496,6.951447486877441,8.05815601348877
2015-11-26,2.0823779106140137,7.015721321105957,8.176533699035645
2015-11-27,1.9982408285140991,6.5756940841674805,7.960000038146973
2015-11-30,2.01664662361145,6.511420249938965,8.023510932922363
2015-12-01,1.9693193435668945,6.348263740539551,8.085623741149902
2015-12-02,1.9772075414657593,6.397705554962158,7.828524112701416
2015-12-03,2.0981528759002686,6.363095760345459,8.325383186340332
2015-12-04,1.9772075414657593,6.106001853942871,8.140504837036133
2015-12-07,1.8904415369033813,6.036784648895264,8.079843521118164
2015-12-08,1.87466561794281,5.759912490844727,7.987400531768799
2015-12-09,2.011387825012207,5.972511291503906,8.420716285705566
2015-12-10,1.9588021039962769,6.264214038848877,8.37968921661377
2015-12-11,1.9062172174453735,6.036784648895264,8.37968921661377
2015-12-14,1.8957000970840454,6.16038703918457,8.18183708190918
2015-12-15,1.9509146213531494,6.368041038513184,8.23420524597168
2015-12-16,1.916734218597412,6.550973892211914,8.17892837524414
2015-12-17,1.8930708169937134,6.298821449279785,8.318595886230469
2015-12-18,1.8457435369491577,6.372984886169434,7.83558988571167
2015-12-21,1.745832085609436,6.0763373374938965,7.690108776092529
2015-12-22,1.785271167755127,6.204884052276611,7.7395710945129395
2015-12-23,1.8220804929733276,6.536140441894531,7.710476875305176
2015-12-28,1.76160728931427,6.249381065368652,7.6813788414001465
2015-12-29,1.758978247642517,6.288934230804443,7.687201976776123
2015-12-30,1.76160728931427,6.442201614379883,7.661017417907715
2016-01-04,1.806305170059204,6.2741007804870605,7.316028118133545
2016-01-05,1.7563488483428955,6.190051555633545,7.377169132232666
2016-01-06,1.682729721069336,5.73519229888916,7.348055362701416
2016-01-07,1.645919680595398,5.394045829772949,7.208312511444092
2016-01-08,1.6485488414764404,5.211114406585693,7.211225509643555
2016-01-11,1.6012223958969116,5.062790393829346,7.126792907714844
2016-01-12,1.4539837837219238,4.652426719665527,7.158824443817139
2016-01-13,1.3856223821640015,4.449717998504639,7.048194408416748
2016-01-14,1.4960522651672363,4.771085739135742,7.150084495544434
2016-01-15,1.3593298196792603,4.632650852203369,6.963766574859619
2016-01-18,1.262047290802002,4.395332336425781,6.882249355316162
2016-01-19,1.225237488746643,4.5387115478515625,6.812383651733398
2016-01-20,1.1647648811340332,4.553544998168945,6.716309070587158
2016-01-21,1.1831691265106201,4.5189361572265625,6.730863571166992
2016-01-22,1.1595059633255005,4.464550495147705,6.7949137687683105
2016-01-26,1.1042910814285278,4.424997329711914,6.867692947387695
2016-01-27,1.2015742063522339,4.652426719665527,6.893892765045166
2016-01-28,1.20946204662323,4.612873554229736,6.940474987030029
2016-01-29,1.272564172744751,4.805695533752441,7.26362419128418
2016-02-01,1.2410130500793457,4.696923732757568,7.4194722175598145
2016-02-02,1.1305837631225586,4.251952648162842,6.886390209197998
2016-02-03,1.1805394887924194,4.4546613693237305,7.052434921264648
2016-02-04,1.2436423301696777,5.112232208251953,7.154386043548584
2016-02-05,1.1936862468719482,5.057845592498779,7.224303245544434
2016-02-10,1.1332132816314697,5.043014049530029,7.2592549324035645
2016-02-11,1.1121793985366821,4.879857063293457,7.043689727783203
2016-02-12,1.17002272605896,5.0677337646484375,7.0990424156188965
2016-02-15,1.2015742063522339,5.196281909942627,7.075738906860352
2016-02-16,1.1673938035964966,5.581923007965088,7.2476091384887695
2016-02-17,1.230495810508728,5.888460159301758,7.326258659362793
2016-02-18,1.2068325281143188,5.690694332122803,7.177694320678711
2016-02-19,1.1726523637771606,5.848906517028809,7.262798309326172
2016-02-22,1.3251495361328125,6.496588706970215,7.556064128875732
2016-02-23,1.2935981750488281,6.120833396911621,7.448332786560059
2016-02-24,1.2804518938064575,5.789577007293701,7.385493278503418
2016-02-25,1.285710334777832,5.448432922363281,7.391475677490234
2016-02-26,1.2804518938064575,5.438544273376465,7.391475677490234
2016-02-29,1.3514420986175537,5.839017868041992,7.600951671600342
2016-03-01,1.3961395025253296,6.333432674407959,7.958764553070068
2016-03-02,1.4855345487594604,7.03055477142334,8.14441204071045
2016-03-03,1.7274267673492432,7.722733974456787,8.949868202209473
2016-03-04,1.898329496383667,8.182535171508789,9.387036323547363
2016-03-07,1.9377682209014893,8.691781997680664,9.34511661529541
2016-03-08,1.964060664176941,7.431028366088867,9.55471420288086
2016-03-09,1.9982408285140991,7.168988227844238,9.237320899963379
2016-03-10,2.0902652740478516,6.921784400939941,9.599629402160645
2016-03-11,2.1270759105682373,6.857509136199951,9.680473327636719
2016-03-14,1.945656418800354,6.64491081237793,9.635560989379883
2016-03-15,1.7379441261291504,6.664689540863037,9.207381248474121
2016-03-16,1.9009586572647095,7.327200412750244,8.93489933013916
2016-03-17,2.129704713821411,7.663402080535889,9.911033630371094
2016-03-18,2.134962797164917,7.579353332519531,9.937981605529785
2016-03-21,2.119187355041504,7.490357875823975,9.94097900390625
2016-03-22,2.132333993911743,7.628794193267822,9.686460494995117
2016-03-23,2.0455679893493652,6.981112480163574,9.378047943115234
2016-03-24,2.0534555912017822,7.44091796875,9.279239654541016
2016-03-28,2.219099283218384,7.500246524810791,9.509803771972656
2016-03-29,2.232246160507202,7.460692882537842,9.56668758392334
2016-03-30,2.219099283218384,7.6831793785095215,9.62059211730957
2016-03-31,2.1849193572998047,7.490357875823975,9.34511661529541
2016-04-01,2.1980655193328857,7.6683478355407715,9.409523010253906
2016-04-04,1.9824657440185547,7.312369346618652,9.079989433288574
2016-04-05,2.0508267879486084,7.55957555770874,9.097967147827148
2016-04-06,1.9929829835891724,7.450805187225342,8.837345123291016
2016-04-07,2.024534225463867,7.421140670776367,8.933204650878906
2016-04-08,2.1717731952667236,8.029269218444824,9.4963960647583
2016-04-11,2.2059528827667236,8.390189170837402,9.544331550598145
2016-04-12,2.3768553733825684,9.265301704406738,9.975717544555664
2016-04-13,2.4951720237731934,9.675665855407715,10.098532676696777
2016-04-14,2.408406972885132,8.998316764831543,9.804957389831543
2016-04-15,2.547757625579834,9.196081161499023,9.867860794067383
2016-04-18,2.42944073677063,9.418569564819336,9.795966148376465
2016-04-19,2.5267231464385986,10.115691184997559,9.84989070892334
2016-04-20,2.4925429821014404,10.758430480957031,9.667156219482422
2016-04-22,2.563533067703247,9.55700397491455,9.49040412902832
2016-04-25,2.45310378074646,8.92910099029541,9.406523704528809
2016-04-26,2.5424997806549072,9.240582466125488,9.733062744140625
2016-04-27,2.6949963569641113,9.616334915161133,10.065585136413574
2016-04-28,2.6897380352020264,9.784436225891113,9.996674537658691
2016-04-29,2.6897380352020264,9.734993934631348,9.846893310546875
2016-05-02,2.673962354660034,9.823988914489746,9.57565689086914
2016-05-03,2.571420669555664,9.225747108459473,9.02419662475586
2016-05-04,2.6082310676574707,8.602787971496582,9.245984077453613
2016-05-05,2.5793089866638184,8.236921310424805,9.108114242553711
2016-05-06,2.650299072265625,8.345693588256836,9.111117362976074
2016-05-09,2.4925429821014404,7.529910564422607,9.16805648803711
2016-05-10,2.684478759765625,7.846334934234619,9.743496894836426
2016-05-11,2.6949963569641113,7.88094425201416,9.683557510375977
2016-05-12,2.574049949645996,7.633738994598389,9.779457092285156
2016-05-13,2.4872846603393555,7.257984638214111,9.41081714630127
2016-05-16,2.563533067703247,7.381589412689209,9.266961097717285
2016-05-17,2.4978017807006836,7.480470180511475,9.069153785705566
2016-05-18,2.450474977493286,7.272814750671387,9.210015296936035
2016-05-19,2.355821371078491,7.36181116104126,9.13209056854248
2016-05-20,2.34004545211792,6.986057281494141,9.015207290649414
2016-05-23,2.234875202178955,7.139322757720947,9.04517936706543
2016-05-24,2.242762804031372,6.931670665740967,9.036190032958984
2016-05-25,2.2795724868774414,7.2283172607421875,8.994227409362793
2016-05-27,2.1638848781585693,7.065162181854248,8.904313087463379
2016-05-30,2.2033238410949707,7.060218811035156,8.901320457458496
2016-05-31,2.113929033279419,7.03055477142334,8.70650863647461
2016-06-01,2.1507391929626465,7.134380340576172,8.83695125579834
2016-06-02,2.1875486373901367,7.391475677490234,8.96888542175293
2016-06-03,2.2532804012298584,8.029269218444824,8.959893226623535
2016-06-06,2.2243587970733643,8.35063648223877,8.872932434082031
2016-06-07,2.2664265632629395,8.192424774169922,9.016865730285645
2016-06-08,2.468879461288452,8.405022621154785,9.154803276062012
2016-06-09,2.4136650562286377,7.762284278869629,9.133810043334961
2016-06-10,2.308494806289673,7.391475677490234,8.666024208068848
2016-06-13,2.2664265632629395,7.515079498291016,8.705012321472168
2016-06-14,2.1822898387908936,7.233263969421387,8.579065322875977
2016-06-15,2.237504005432129,7.416196823120117,8.537091255187988
2016-06-16,2.234875202178955,7.529910564422607,8.693012237548828
2016-06-17,2.3531923294067383,7.554632663726807,8.672024726867676
2016-06-20,2.4136650562286377,7.698013782501221,8.815957069396973
2016-06-21,2.5056893825531006,7.712843418121338,8.81296157836914
2016-06-22,2.45573353767395,7.836450099945068,8.660027503967285
2016-06-23,2.5424997806549072,8.202312469482422,8.995869636535645
2016-06-24,2.432070016860962,7.520023345947266,8.681021690368652
2016-06-27,2.308494806289673,7.317314624786377,8.390151977539062
2016-06-28,2.41892409324646,7.6436262130737305,8.6840181350708
2016-06-29,2.4978017807006836,7.767227649688721,8.878929138183594
2016-06-30,2.4767682552337646,8.044102668762207,9.085834503173828
2016-07-01,2.5819387435913086,8.217145919799805,9.27334213256836
2016-07-04,2.5950839519500732,8.390189170837402,9.267343521118164
2016-07-05,2.442587375640869,7.940273284912109,9.201340675354004
2016-07-06,2.4978017807006836,8.05398941040039,9.237338066101074
2016-07-07,2.513577699661255,7.920498847961426,9.330347061157227
2016-07-08,2.5871963500976562,8.004548072814941,9.582353591918945
2016-07-11,2.7239184379577637,8.335803985595703,9.675352096557617
2016-07-12,2.8001677989959717,8.746167182922363,9.594356536865234
2016-07-13,2.7949085235595703,8.810441970825195,9.792359352111816
2016-07-14,2.873786687850952,8.578068733215332,10.071368217468262
2016-07-15,2.8974506855010986,8.573122024536133,10.038370132446289
2016-07-18,3.0368008613586426,8.691781997680664,10.209379196166992
2016-07-19,3.097273588180542,8.325918197631836,10.149372100830078
2016-07-20,3.1077919006347656,8.162760734558105,10.308379173278809
2016-07-21,3.1156790256500244,8.602787971496582,10.17037582397461
2016-07-22,3.1393420696258545,8.479186058044434,10.23337459564209
2016-07-25,3.1630053520202637,8.612675666809082,10.155372619628906
2016-07-26,3.1235671043395996,9.10708999633789,10.02637004852295
2016-07-27,3.0262839794158936,9.35429573059082,10.065373420715332
2016-07-28,3.007878541946411,9.413625717163086,9.954367637634277
2016-07-29,3.1209371089935303,9.146642684936523,10.137371063232422
2016-08-01,2.9579224586486816,8.849994659423828,10.033824920654297
2016-08-02,2.986844778060913,8.894492149353027,10.153879165649414
2016-08-03,3.1288247108459473,9.304853439331055,10.577083587646484
2016-08-04,3.1577470302581787,9.275189399719238,10.637112617492676
2016-08-05,3.0630929470062256,9.379014015197754,10.574085235595703
2016-08-08,3.1314542293548584,9.383960723876953,10.505048751831055
2016-08-09,3.1235671043395996,9.388904571533203,10.526060104370117
2016-08-10,3.039430856704712,8.94393253326416,10.43901538848877
2016-08-11,3.181410312652588,9.102145195007324,10.706146240234375
2016-08-12,3.155117988586426,8.879656791687012,10.787187576293945
2016-08-15,3.2366249561309814,9.112032890319824,11.023622512817383
2016-08-16,3.283951759338379,9.383960723876953,10.97809886932373
2016-08-17,3.3549423217773438,9.453179359436035,11.123788833618164
2016-08-18,3.38649320602417,9.35429573059082,11.102540016174316
2016-08-19,3.362830400466919,9.433401107788086,11.029693603515625
2016-08-22,3.2471420764923096,9.087313652038574,10.817234992980957
2016-08-23,3.331278085708618,9.270246505737305,10.799017906188965
2016-08-24,3.2602882385253906,8.973596572875977,10.747424125671387
2016-08-25,3.294468879699707,8.988431930541992,10.714032173156738
2016-08-26,3.29972767829895,8.75605583190918,10.844551086425781
2016-08-29,3.383864164352417,8.94887924194336,11.03576374053955
2016-08-30,3.4417073726654053,8.726390838623047,11.108610153198242
2016-08-31,3.3786046504974365,8.375358581542969,10.88097095489502
2016-09-01,3.418044090270996,8.622565269470215,10.988760948181152
2016-09-02,3.5679121017456055,9.01809310913086,11.14969539642334
2016-09-05,3.636272668838501,8.849994659423828,11.152729034423828
2016-09-06,3.675712823867798,9.032927513122559,11.259004592895508
2016-09-08,3.7388157844543457,8.795608520507812,11.125399589538574
2016-09-09,3.5521368980407715,8.335803985595703,10.70334243774414
2016-09-12,3.667823314666748,8.647285461425781,10.843013763427734
2016-09-13,3.4206740856170654,8.044102668762207,10.627434730529785
2016-09-14,3.4469664096832275,8.227033615112305,10.63654613494873
2016-09-15,3.5521368980407715,8.227033615112305,10.867311477661133
2016-09-16,3.4601120948791504,8.113317489624023,10.621355056762695
2016-09-19,3.4311916828155518,8.236921310424805,10.697270393371582
2016-09-20,3.5495083332061768,8.256697654724121,10.72156047821045
2016-09-21,3.591576099395752,8.726390838623047,10.824793815612793
2016-09-22,3.680971145629883,8.676949501037598,10.997870445251465
2016-09-23,3.599463701248169,8.726390838623047,10.970548629760742
2016-09-26,3.52321457862854,8.622565269470215,10.885528564453125
2016-09-27,3.4495961666107178,8.70167064666748,11.010013580322266
2016-09-28,3.641531467437744,8.99337387084961,11.08896255493164
2016-09-29,3.5311031341552734,8.894492149353027,10.80657958984375
2016-09-30,3.5679121017456055,8.805496215820312,10.785321235656738
2016-10-03,3.673083543777466,8.94887924194336,11.04200553894043
2016-10-04,3.6862294673919678,8.726390838623047,11.1392183303833
2016-10-05,3.833468437194824,8.830218315124512,11.357933044433594
2016-10-06,3.9701900482177734,8.800553321838379,11.452101707458496
2016-10-07,4.012258052825928,8.899435997009277,11.5584135055542
2016-10-10,4.135834217071533,9.418569564819336,11.573604583740234
2016-10-11,4.046439170837402,9.196081161499023,11.534117698669434
2016-10-13,4.143721580505371,8.775832176208496,11.664729118347168
2016-10-14,4.275184631347656,8.909322738647461,11.886499404907227
2016-10-17,4.443458080291748,9.01809310913086,12.147729873657227
2016-10-18,4.580179214477539,9.280132293701172,12.316622734069824
2016-10-19,4.632763862609863,9.205972671508789,12.116145133972168
2016-10-20,4.664316177368164,9.443290710449219,12.1528959274292
2016-10-21,4.719531059265137,9.843764305114746,12.132842063903809
2016-10-24,4.785261154174805,10.036585807800293,12.02925968170166
2016-10-25,4.7326765060424805,10.555719375610352,11.96576976776123
2016-10-26,4.758970737457275,10.763374328613281,12.039285659790039
2016-10-27,4.756340026855469,10.87708854675293,12.296575546264648
2016-10-28,4.756340026855469,10.946304321289062,12.400160789489746
2016-10-31,4.651170253753662,10.916640281677246,12.831205368041992
2016-11-01,4.432941436767578,11.025408744812012,12.45180892944336
2016-11-03,4.241003513336182,10.857312202453613,12.1843843460083
2016-11-04,4.20419454574585,10.684266090393066,12.284669876098633
2016-11-07,4.524964332580566,11.435774803161621,12.72591781616211
2016-11-08,4.480267524719238,11.851082801818848,12.755998611450195
2016-11-09,4.377725124359131,12.360326766967773,12.348187446594238
2016-11-10,4.07535982131958,13.28487777709961,11.733111381530762
2016-11-11,3.6835989952087402,12.844849586486816,11.582682609558105
2016-11-14,3.680971145629883,13.082167625427246,11.512487411499023
2016-11-16,3.8755364418029785,12.434491157531738,12.080753326416016
2016-11-17,3.7572195529937744,12.231780052185059,11.719738006591797
2016-11-18,3.817692995071411,12.14772891998291,11.830047607421875
2016-11-21,4.096394062042236,12.77069091796875,11.926987648010254
2016-11-22,4.188417911529541,13.729850769042969,11.967097282409668
2016-11-23,4.167384624481201,13.92761516571045,11.856796264648438
2016-11-24,4.096394062042236,13.640857696533203,11.733111381530762
2016-11-25,4.022775650024414,14.288537979125977,11.652885437011719
2016-11-28,4.0648417472839355,15.33174991607666,11.90024185180664
2016-11-29,3.854501724243164,14.426974296569824,11.612765312194824
2016-11-30,4.206823825836182,13.87322998046875,11.840084075927734
2016-12-01,4.059584140777588,14.075940132141113,11.303339958190918
2016-12-02,4.162126064300537,14.665905952453613,11.3501558303833
2016-12-05,4.117428779602051,14.720612525939941,11.310026168823242
2016-12-06,4.246263027191162,14.919538497924805,11.460508346557617
2016-12-07,4.170014381408691,15.43177604675293,11.370218276977539
2016-12-08,4.127945423126221,14.9841890335083,11.303339958190918
2016-12-09,4.096394062042236,14.725581169128418,11.336780548095703
2016-12-12,4.101653575897217,14.665905952453613,10.868597030639648
2016-12-13,4.062212944030762,14.089016914367676,10.918754577636719
2016-12-14,3.8755364418029785,13.865224838256836,10.895341873168945
2016-12-15,3.90445876121521,14.039284706115723,10.851871490478516
2016-12-16,3.8807947635650635,13.800573348999023,10.657905578613281
2016-12-19,3.775624990463257,12.955132484436035,10.370307922363281
2016-12-20,3.7729949951171875,13.218711853027344,10.634496688842773
2016-12-21,3.7703659534454346,13.168978691101074,10.631157875061035
2016-12-22,3.6835989952087402,12.621927261352539,10.718101501464844
2016-12-23,3.7440733909606934,12.527438163757324,11.020660400390625
2016-12-26,3.791400194168091,12.925291061401367,11.108903884887695
2016-12-27,3.788771390914917,12.860644340515137,11.102128028869629
2016-12-28,3.8860538005828857,13.268438339233398,11.363462448120117
2016-12-29,3.9097185134887695,12.771123886108398,11.489044189453125
2017-01-02,3.854501724243164,12.462784767150879,11.385476112365723
2017-01-03,4.07535982131958,13.014811515808105,11.867652893066406
2017-01-04,4.07535982131958,12.781070709228516,11.918591499328613
2017-01-05,4.141092300415039,13.268438339233398,12.08157730102539
2017-01-06,4.117428779602051,12.915349006652832,12.122326850891113
2017-01-09,4.030663013458252,13.178926467895508,12.180045127868652
2017-01-10,4.070102214813232,14.193453788757324,12.139303207397461
2017-01-11,4.117428779602051,14.486870765686035,12.163067817687988
2017-01-12,4.180530548095703,14.954350471496582,12.47207260131836
2017-01-13,4.122687339782715,15.406908988952637,12.217403411865234
2017-01-16,4.141092300415039,15.824660301208496,12.227594375610352
2017-01-17,4.159497261047363,15.203007698059082,12.556964874267578
2017-01-18,4.151609420776367,15.968877792358398,12.458487510681152
2017-01-19,4.146351337432861,15.650595664978027,12.390576362609863
2017-01-20,4.206823825836182,15.96390438079834,12.42792797088623
2017-01-23,4.20419454574585,16.565662384033203,12.84559440612793
2017-01-24,4.217341423034668,16.973461151123047,12.815028190612793
2017-01-26,4.154238700866699,16.709880828857422,12.988199234008789
2017-01-27,4.1069111824035645,16.75961685180664,12.920291900634766
2017-01-30,3.901829242706299,16.038503646850586,12.645249366760254
2017-01-31,3.9491565227508545,16.003692626953125,12.645249366760254
2017-02-01,3.9491565227508545,16.35678482055664,12.779426574707031
2017-02-02,3.914975643157959,16.242403030395508,12.742069244384766
2017-02-03,4.0332932472229,15.222900390625,13.007023811340332
2017-02-06,3.933380603790283,14.879752159118652,12.91191577911377
2017-02-07,3.8650197982788086,15.03889274597168,13.163289070129395
2017-02-08,3.9701900482177734,15.212952613830566,13.502984046936035
2017-02-09,3.957043170928955,15.45664119720459,13.564133644104004
2017-02-10,4.096394062042236,16.312026977539062,13.60828971862793
2017-02-13,4.1069111824035645,17.808956146240234,13.543745994567871
2017-02-14,4.159497261047363,17.107738494873047,13.587903022766113
2017-02-15,4.164755821228027,16.819293975830078,14.15860652923584
2017-02-16,4.170014381408691,16.794424057006836,13.883450508117676
2017-02-17,4.104282855987549,16.943620681762695,13.876642227172852
2017-02-20,4.185790061950684,18.117294311523438,13.941191673278809
2017-02-21,4.23048734664917,17.674680709838867,14.143877983093262
2017-02-22,4.127945423126221,17.2519588470459,14.185430526733398
2017-02-23,4.0911359786987305,16.496034622192383,13.970763206481934
2017-02-24,3.9912235736846924,16.272245407104492,13.859967231750488
2017-03-01,4.080619812011719,16.496034622192383,13.837450981140137
2017-03-02,3.9728195667266846,15.645624160766602,13.695442199707031
2017-03-03,4.028034210205078,15.824660301208496,13.94482707977295
2017-03-06,3.9701900482177734,15.466592788696289,13.889405250549316
2017-03-07,3.9912235736846924,15.377070426940918,13.657350540161133
2017-03-08,3.82558012008667,14.979214668273926,13.501476287841797
2017-03-09,3.812434434890747,15.009054183959961,13.54304027557373
2017-03-10,3.7624785900115967,14.745476722717285,13.549969673156738
2017-03-13,3.7782537937164307,15.421829223632812,13.795881271362305
2017-03-14,3.5731706619262695,15.501404762268066,13.66080379486084
2017-03-15,3.733555555343628,16.57063102722168,13.792428016662598
2017-03-16,3.604722738265991,16.177749633789062,13.615768432617188
2017-03-17,3.4601120948791504,15.566049575805664,13.224374771118164
2017-03-20,3.5758001804351807,15.73016357421875,13.369858741760254
2017-03-21,3.418044090270996,14.442113876342773,13.082367897033691
2017-03-22,3.591576099395752,14.621147155761719,13.189745903015137
2017-03-23,3.5679121017456055,14.541572570800781,13.116999626159668
2017-03-24,3.544248342514038,14.422216415405273,13.259024620056152
2017-03-27,3.6204981803894043,14.616172790527344,13.356013298034668
2017-03-28,3.667823314666748,14.82504940032959,13.31097412109375
2017-03-29,3.799287796020508,14.9742431640625,13.508397102355957
2017-03-30,3.799287796020508,14.969271659851074,13.349071502685547
2017-03-31,3.809805154800415,14.81510066986084,13.127395629882812
2017-04-03,3.857131242752075,14.675849914550781,13.347428321838379
2017-04-04,3.90445876121521,15.242794036865234,13.41672420501709
2017-04-05,3.830838680267334,14.646011352539062,13.170707702636719
2017-04-06,3.8203225135803223,14.377460479736328,13.066760063171387
2017-04-07,3.8650197982788086,14.496814727783203,13.167253494262695
2017-04-10,3.928121328353882,14.437141418457031,13.142991065979004
2017-04-11,3.8597609996795654,14.253131866455078,13.118730545043945
2017-04-12,3.8518736362457275,13.636456489562988,13.101408004760742
2017-04-13,3.702005386352539,13.636456489562988,12.862314224243164
2017-04-17,3.7545900344848633,13.641429901123047,13.43752670288086
2017-04-18,3.707263469696045,13.233630180358887,13.389006614685059
2017-04-19,3.5758001804351807,13.263465881347656,13.271193504333496
2017-04-20,3.6494204998016357,13.949767112731934,13.07715129852295
2017-04-24,3.6888587474823,14.106801986694336,13.33010196685791
2017-04-25,3.7703659534454346,14.569323539733887,13.41672420501709
2017-04-26,3.680971145629883,14.250697135925293,13.440988540649414
2017-04-27,3.6099801063537598,13.788178443908691,13.517210960388184
2017-04-28,3.673083543777466,14.117083549499512,13.603843688964844
2017-05-02,3.6783416271209717,14.4202880859375,13.88288688659668
2017-05-03,3.723039388656616,13.52608871459961,13.654112815856934
2017-05-04,3.5758001804351807,13.027595520019531,13.206933975219727
2017-05-05,3.73618483543396,13.38733196258545,13.414926528930664
2017-05-08,3.702005386352539,13.377054214477539,13.446121215820312
2017-05-09,3.717780828475952,13.618593215942383,13.480788230895996
2017-05-10,3.8729069232940674,13.649420738220215,13.546648979187012
2017-05-11,3.8965702056884766,13.52608871459961,13.778897285461426
2017-05-12,4.062212944030762,13.315384864807129,13.910622596740723
2017-05-15,4.122687339782715,13.695676803588867,13.969551086425781
2017-05-16,4.127945423126221,14.009163856506348,13.952211380004883
2017-05-17,4.104282855987549,13.793320655822754,13.66797161102295
2017-05-18,3.4574828147888184,13.803596496582031,12.021437644958496
2017-05-19,3.5810587406158447,14.004023551940918,12.333409309387207
2017-05-22,3.52321457862854,14.348341941833496,12.090761184692383
2017-05-23,3.5468785762786865,14.5230712890625,12.281413078308105
2017-05-24,3.6941161155700684,14.142777442932129,12.381933212280273
2017-05-25,3.612610340118408,14.235283851623535,12.14969539642334
2017-05-26,3.596834421157837,14.3175048828125,12.479004859924316
2017-05-29,3.596834421157837,14.3175048828125,12.479004859924316
2017-05-30,3.512697696685791,14.697798728942871,12.454739570617676
2017-05-31,3.407527208328247,13.962908744812012,12.32301139831543
2017-06-01,3.3707172870635986,13.705952644348145,12.18256950378418
2017-06-02,3.4311916828155518,13.762484550476074,12.303940773010254
2017-06-05,3.4653713703155518,13.613451957702637,12.290070533752441
2017-06-06,3.4653713703155518,13.659703254699707,12.4877347946167
2017-06-07,3.383864164352417,13.592897415161133,12.692338943481445
2017-06-08,3.3759758472442627,13.885823249816895,12.560558319091797
2017-06-09,3.3786046504974365,14.029717445373535,12.362894058227539
2017-06-12,3.391751527786255,13.793320655822754,12.362894058227539
2017-06-13,3.402268409729004,13.55178165435791,12.515483856201172
2017-06-14,3.318132162094116,13.41302490234375,12.626455307006836
2017-06-15,3.318132162094116,13.41302490234375,12.626455307006836
2017-06-16,3.2287368774414062,13.135516166687012,12.536283493041992
2017-06-19,3.231367349624634,13.562061309814453,12.602173805236816
2017-06-20,3.1183078289031982,13.212602615356445,12.324742317199707
2017-06-21,3.0604641437530518,13.603169441223145,12.338615417480469
2017-06-22,3.1656339168548584,13.885823249816895,12.349020957946777
2017-06-23,3.1367132663726807,13.998884201049805,12.307405471801758
2017-06-26,3.2261083126068115,14.117083549499512,12.654192924499512
2017-06-27,3.2103323936462402,14.348341941833496,12.53974723815918
2017-06-28,3.176152467727661,14.795442581176758,12.536283493041992
2017-06-29,3.2024447917938232,14.851973533630371,12.661126136779785
2017-06-30,3.2524006366729736,14.903360366821289,12.744353294372559
2017-07-03,3.2497713565826416,15.237404823303223,12.864052772521973
2017-07-04,3.268176317214966,15.221988677978516,12.81201171875
2017-07-05,3.2103323936462402,14.867388725280762,12.846699714660645
2017-07-06,3.199815273284912,14.862252235412598,12.666302680969238
2017-07-07,3.1367132663726807,14.846831321716309,12.544875144958496
2017-07-10,3.1498587131500244,15.26823902130127,12.645480155944824
2017-07-11,3.241884469985962,15.437825202941895,12.83630084991455
2017-07-12,3.402268409729004,15.365882873535156,12.975059509277344
2017-07-13,3.383864164352417,14.995867729187012,13.009759902954102
2017-07-14,3.4311916828155518,15.170595169067383,13.03750228881836
2017-07-17,3.389122724533081,15.273375511169434,12.912609100341797
2017-07-18,3.402268409729004,15.365882873535156,12.926492691040039
2017-07-19,3.4785165786743164,15.365882873535156,12.73914909362793
2017-07-20,3.4443371295928955,14.759469032287598,12.753026962280273
2017-07-21,3.3365371227264404,14.646409034729004,12.756499290466309
2017-07-24,3.38649320602417,14.970170021057129,12.83630084991455
2017-07-25,3.475888252258301,15.730756759643555,12.867509841918945
2017-07-26,3.433819532394409,15.242546081542969,12.808537483215332
2017-07-27,3.418044090270996,15.26309871673584,12.822418212890625
2017-07-28,3.4522249698638916,15.592000007629395,12.870984077453613
2017-07-31,3.494292736053467,16.085351943969727,12.947308540344238
2017-08-01,3.4495961666107178,15.962016105651855,13.362054824829102
2017-08-02,3.5521368980407715,15.987709999084473,13.500882148742676
2017-08-03,3.4995510578155518,15.766731262207031,13.469643592834473
2017-08-04,3.52321457862854,16.049381256103516,13.434942245483398
2017-08-07,3.562654972076416,16.660930633544922,13.646653175354004
2017-08-08,3.5468785762786865,16.47078514099121,13.813234329223633
2017-08-09,3.5547664165496826,16.40397834777832,13.72646713256836
2017-08-10,3.4680001735687256,16.18813705444336,13.552939414978027
2017-08-11,3.404898166656494,15.828396797180176,13.622347831726074
2017-08-14,3.439077854156494,16.085351943969727,13.86877727508545
2017-08-15,3.4574828147888184,15.992847442626953,13.928020477294922
2017-08-16,3.4522249698638916,16.306333541870117,13.956064224243164
2017-08-17,3.4311916828155518,16.03396224975586,13.843878746032715
2017-08-18,3.5758001804351807,16.213830947875977,13.977092742919922
2017-08-21,3.507439613342285,16.316614151000977,13.875418663024902
2017-08-22,3.6257565021514893,16.373140335083008,14.169903755187988
2017-08-23,3.6178689002990723,16.72260284423828,14.324158668518066
2017-08-24,3.628385066986084,17.41124153137207,14.443347930908203
2017-08-25,3.6494204998016357,17.38554573059082,14.401284217834473
2017-08-28,3.6467905044555664,17.657917022705078,14.275070190429688
2017-08-29,3.641531467437744,17.69902801513672,14.40478801727295
2017-08-30,3.5363616943359375,17.64763641357422,14.32766342163086
2017-08-31,3.5889463424682617,18.027931213378906,14.145362854003906
2017-09-01,3.6862294673919678,18.331138610839844,14.441699981689453
2017-09-04,3.725667953491211,18.55211639404297,14.368062019348145
2017-09-05,3.788771390914917,18.295164108276367,14.375075340270996
2017-09-06,3.9491565227508545,18.397945404052734,14.760842323303223
2017-09-07,3.9491565227508545,18.397945404052734,14.760842323303223
2017-09-08,3.867647647857666,17.71958351135254,14.743310928344727
2017-09-11,3.941267728805542,18.033069610595703,14.99230670928955
2017-09-12,3.9097185134887695,18.120433807373047,14.950217247009277
2017-09-13,3.951785087585449,17.868616104125977,15.055431365966797
2017-09-14,3.9544150829315186,17.27762222290039,15.020352363586426
2017-09-15,3.9544150829315186,17.370126724243164,15.300912857055664
2017-09-18,3.9544150829315186,17.60138702392578,15.409626007080078
2017-09-19,3.9807074069976807,17.431793212890625,15.353522300720215
2017-09-20,4.172643184661865,17.046361923217773,15.192205429077148
2017-09-21,4.120058536529541,16.70718002319336,15.213241577148438
2017-09-22,4.125316619873047,16.398839950561523,15.265836715698242
2017-09-25,4.164755821228027,15.977431297302246,15.115036964416504
2017-09-26,4.0911359786987305,16.18813705444336,15.143096923828125
2017-09-27,4.025404930114746,16.409116744995117,15.153627395629883
2017-09-28,4.0332932472229,16.316614151000977,15.072966575622559
2017-09-29,4.022775650024414,16.378284454345703,15.202716827392578
2017-10-02,4.049068450927734,16.39369773864746,15.229026794433594
2017-10-03,4.201565265655518,16.7945499420166,15.751745223999023
2017-10-04,4.117428779602051,16.758577346801758,15.611416816711426
2017-10-05,4.180530548095703,16.583845138549805,15.860515594482422
2017-10-06,4.125316619873047,16.51703643798828,15.67457103729248
2017-10-09,4.177901744842529,16.18813705444336,15.48863410949707
2017-10-10,4.256779670715332,16.095630645751953,15.825419425964355
2017-10-11,4.227858066558838,15.982574462890625,15.786820411682129
2017-10-12,4.227858066558838,15.982574462890625,15.786820411682129
2017-10-13,4.227858066558838,16.912750244140625,15.657026290893555
2017-10-16,4.238374710083008,17.13886833190918,15.576345443725586
2017-10-17,4.241003513336182,16.7431583404541,15.551778793334961
2017-10-18,4.248892307281494,16.583845138549805,15.579848289489746
2017-10-19,4.246263027191162,16.958999633789062,15.467581748962402
2017-10-20,4.264667987823486,16.933303833007812,15.436014175415039
2017-10-23,4.259409427642822,16.809965133666992,15.2921781539917
2017-10-24,4.340916633605957,17.38554573059082,15.40444278717041
2017-10-25,4.3961310386657715,17.241647720336914,15.509685516357422
2017-10-26,4.39876127243042,16.789411544799805,15.414958953857422
2017-10-27,4.477638244628906,16.727737426757812,15.32024097442627
2017-10-30,4.411905765533447,16.624958038330078,15.12378978729248
2017-10-31,4.409278392791748,16.49648094177246,14.751916885375977
2017-11-01,4.443458080291748,16.866491317749023,14.504499435424805
2017-11-02,4.443458080291748,16.866491317749023,14.504499435424805
2017-11-03,4.453975200653076,17.236509323120117,14.70804500579834
2017-11-06,4.582808971405029,17.64763641357422,14.70804500579834
2017-11-07,4.338286876678467,17.22623062133789,14.423783302307129
2017-11-08,4.45660400390625,17.44207191467285,14.950204849243164
2017-11-09,4.3961310386657715,16.856216430664062,14.546609878540039
2017-11-10,4.3961310386657715,16.840801239013672,14.567675590515137
2017-11-13,4.375097274780273,17.03094482421875,14.641366004943848
2017-11-14,4.035921096801758,16.527315139770508,14.360610961914062
2017-11-15,4.035921096801758,16.527315139770508,14.360610961914062
2017-11-16,4.156867980957031,16.753433227539062,14.722089767456055
2017-11-17,4.2120819091796875,16.917882919311523,14.92563247680664
2017-11-20,4.2120819091796875,16.917882919311523,14.92563247680664
2017-11-21,4.180530548095703,17.49860382080078,15.223937034606934
2017-11-22,4.235747814178467,17.853199005126953,15.076546669006348
2017-11-23,4.256779670715332,18.089597702026367,15.030917167663574
2017-11-24,4.233116149902344,18.392810821533203,14.89053726196289
2017-11-27,4.172643184661865,18.197519302368164,14.98178768157959
2017-11-28,4.164755821228027,18.62920379638672,15.006359100341797
2017-11-29,4.030663013458252,18.346553802490234,14.69752311706543
2017-11-30,4.043808460235596,18.05876350402832,14.483447074890137
2017-12-01,4.104282855987549,18.233491897583008,14.474661827087402
2017-12-04,4.070102214813232,18.92727279663086,14.688819885253906
2017-12-05,4.025404930114746,18.511005401611328,14.601058006286621
2017-12-06,4.080619812011719,18.37738800048828,14.755522727966309
2017-12-07,4.012258052825928,18.161544799804688,14.706381797790527
2017-12-08,4.035921096801758,18.233491897583008,14.832765579223633
2017-12-11,4.043808460235596,18.37738800048828,14.871378898620605
2017-12-12,4.072731018066406,18.593229293823242,14.990743637084961
2017-12-13,3.9912235736846924,18.55725860595703,14.657217979431152
2017-12-14,3.946526288986206,18.624067306518555,14.425519943237305
2017-12-15,3.930750608444214,18.958106994628906,14.476426124572754
2017-12-18,4.001741409301758,19.446317672729492,14.472907066345215
2017-12-19,3.9807074069976807,19.451461791992188,14.391873359680176
2017-12-20,4.0069990158081055,20.11954116821289,14.444716453552246
2017-12-21,4.170014381408691,20.417606353759766,15.054214477539062
2017-12-22,4.141092300415039,20.6668758392334,14.983756065368652
2017-12-25,4.141092300415039,20.6668758392334,14.983756065368652
2017-12-26,4.1989359855651855,20.698034286499023,15.043645858764648
2017-12-27,4.219970226287842,20.703227996826172,14.962618827819824
2017-12-28,4.233116149902344,20.91098976135254,15.001364707946777
2017-12-29,4.233116149902344,20.91098976135254,15.001364707946777
2018-01-02,4.3514323234558105,21.6693115234375,15.464824676513672
2018-01-03,4.390872001647949,21.539464950561523,15.57054615020752
2018-01-04,4.39876127243042,21.627758026123047,15.894795417785645
2018-01-05,4.425053119659424,21.965370178222656,15.940600395202637
2018-01-08,4.477638244628906,22.45360565185547,15.88774299621582
2018-01-09,4.477638244628906,22.370502471923828,15.715047836303711
2018-01-10,4.417164325714111,22.058862686157227,15.662178993225098
2018-01-11,4.535482406616211,22.489965438842773,15.989953994750977
2018-01-12,4.548628330230713,22.61981201171875,15.975845336914062
2018-01-15,4.561773777008057,22.578264236450195,16.074533462524414
2018-01-16,4.640651702880859,21.970565795898438,16.222553253173828
2018-01-17,4.827330112457275,22.412052154541016,16.490402221679688
2018-01-18,4.790520191192627,22.26142692565918,16.45163917541504
2018-01-19,4.801037788391113,22.271814346313477,16.585559844970703
2018-01-22,4.8562517166137695,22.152355194091797,16.997915267944336
2018-01-23,4.795778751373291,21.258991241455078,16.934478759765625
2018-01-24,5.0849995613098145,21.700475692749023,17.752117156982422
2018-01-25,5.0849995613098145,21.700475692749023,17.752117156982422
2018-01-26,5.240124225616455,21.518686294555664,18.64377784729004
2018-01-29,5.219091892242432,21.75760841369629,18.217336654663086
2018-01-30,5.124435901641846,21.539464950561523,18.146852493286133
2018-01-31,5.179652690887451,21.529075622558594,18.418216705322266
2018-02-01,5.395251750946045,21.705671310424805,18.511646270751953
2018-02-02,5.250640392303467,21.191465377807617,18.27897071838379
2018-02-05,5.006120204925537,20.95773696899414,17.63735580444336
2018-02-06,5.255900859832764,22.058862686157227,18.27191162109375
2018-02-07,5.11129093170166,21.66411590576172,17.838298797607422
2018-02-08,5.008749485015869,21.601791381835938,17.750158309936523
2018-02-09,4.935129642486572,21.814743041992188,17.795997619628906
2018-02-14,5.061334609985352,23.118431091308594,18.56451416015625
2018-02-15,5.10077428817749,23.866371154785156,18.56804847717285
2018-02-16,5.106032371520996,23.90791893005371,18.7164363861084
2018-02-19,5.271676540374756,24.126068115234375,18.569154739379883
2018-02-20,5.374216079711914,23.637832641601562,19.025737762451172
2018-02-21,5.32426118850708,23.269058227539062,19.276132583618164
2018-02-22,5.453095436096191,23.720935821533203,19.38290786743164
2018-02-23,5.553006172180176,23.93389129638672,19.515464782714844
2018-02-26,5.65817928314209,24.61949920654297,19.49337387084961
2018-02-27,5.652919769287109,24.58314323425293,19.202476501464844
2018-02-28,5.642401695251465,23.398906707763672,18.550748825073242
2018-03-01,5.5293450355529785,23.087276458740234,18.825151443481445
2018-03-02,5.655548095703125,22.723691940307617,18.924591064453125
2018-03-05,5.815935134887695,22.697721481323242,19.193477630615234
2018-03-06,5.758091449737549,22.58864974975586,19.12349510192871
2018-03-07,5.6976165771484375,22.509071350097656,19.097713470458984
2018-03-08,5.705504894256592,21.778907775878906,18.965112686157227
2018-03-09,5.886924743652344,22.115100860595703,19.22662353515625
2018-03-12,5.871147155761719,22.3042049407959,19.443933486938477
2018-03-13,5.8133039474487305,22.130857467651367,19.28554916381836
2018-03-14,5.884293556213379,22.377742767333984,18.854602813720703
2018-03-15,5.602963924407959,22.27269172668457,18.943008422851562
2018-03-16,5.634515762329102,22.220157623291016,18.865659713745117
2018-03-19,5.503052234649658,21.589794158935547,18.46050453186035
2018-03-20,5.5635247230529785,21.852449417114258,18.51943016052246
2018-03-21,5.797530651092529,22.325218200683594,18.445772171020508
2018-03-22,5.710763454437256,22.025794982910156,18.38683319091797
2018-03-23,5.718650817871094,21.852449417114258,18.475231170654297
2018-03-26,5.792271137237549,22.062570571899414,18.703603744506836
2018-03-27,5.637141704559326,21.463726043701172,18.478919982910156
2018-03-28,5.574042797088623,21.820932388305664,18.648345947265625
2018-03-29,5.629256725311279,22.172880172729492,18.898813247680664
2018-04-02,5.495164394378662,22.587865829467773,18.80853843688965
2018-04-03,5.445207118988037,22.519575119018555,18.63169288635254
2018-04-04,5.358441352844238,22.351484298706055,18.753273010253906
2018-04-05,5.5608954429626465,22.71919059753418,18.79012680053711
2018-04-06,5.595076560974121,22.4512882232666,18.882232666015625
2018-04-09,5.397881984710693,22.561603546142578,18.462217330932617
2018-04-10,5.626627445220947,23.554414749145508,18.554317474365234
2018-04-11,5.731797695159912,23.449359893798828,18.860118865966797
2018-04-12,5.700246334075928,23.538654327392578,19.025917053222656
2018-04-13,5.574042797088623,23.627958297729492,18.58380699157715
2018-04-16,5.421543598175049,23.39682388305664,18.311161041259766
2018-04-17,5.5293450355529785,24.126991271972656,18.6132755279541
2018-04-18,5.731797695159912,24.941207885742188,18.966976165771484
2018-04-19,5.836968421936035,25.125057220458984,18.79012680053711
2018-04-20,5.879036903381348,25.020004272460938,18.749589920043945
2018-04-23,5.910586833953857,24.95171546936035,18.78275489807129
2018-04-24,5.889554977416992,25.37720489501953,18.690641403198242
2018-04-25,5.713392734527588,25.18810272216797,18.58011245727539
2018-04-26,5.95002555847168,25.582075119018555,19.011184692382812
2018-04-27,5.971060276031494,25.398216247558594,18.974340438842773
2018-04-30,6.039420127868652,25.566308975219727,18.79381561279297
2018-05-02,5.942138195037842,25.587326049804688,17.948007583618164
2018-05-03,5.902698993682861,25.786935806274414,17.594209671020508
2018-05-04,5.855371475219727,26.107370376586914,17.387821197509766
2018-05-07,5.955286026000977,25.865739822387695,17.413616180419922
2018-05-08,6.023646354675293,25.839466094970703,17.468891143798828
2018-05-09,6.515317440032959,26.396284103393555,17.524185180664062
2018-05-10,6.770357131958008,27.000381469726562,18.003297805786133
2018-05-11,6.688849449157715,27.646493911743164,17.7158203125
2018-05-14,6.8991923332214355,28.507986068725586,17.450469970703125
2018-05-15,7.043801307678223,28.70760154724121,17.384140014648438
2018-05-16,7.201557159423828,29.364227294921875,17.68634033203125
2018-05-17,6.82294225692749,29.0910701751709,16.76128578186035
2018-05-18,6.744065761566162,28.770641326904297,16.643369674682617
2018-05-21,6.586308002471924,27.840858459472656,16.41486167907715
2018-05-22,6.5099077224731445,27.494159698486328,16.812883377075195
2018-05-23,6.130536079406738,27.284040451049805,16.495939254760742
2018-05-24,5.290123462677002,27.557201385498047,16.7133846282959
2018-05-25,5.216355800628662,27.04239845275879,16.565967559814453
2018-05-28,4.454977989196777,26.8270320892334,15.865735054016113
2018-05-29,5.084630489349365,26.349010467529297,15.810450553894043
2018-05-30,5.000324726104736,26.59589958190918,15.839944839477539
2018-06-01,4.257389545440674,27.71478843688965,16.155155181884766
2018-06-04,4.618319988250732,27.588714599609375,16.505388259887695
2018-06-05,4.370673656463623,28.224323272705078,15.992948532104492
2018-06-06,4.302177429199219,29.453523635864258,15.58740234375
2018-06-07,4.152009010314941,28.56052589416504,15.133932113647461
2018-06-08,4.0176472663879395,26.732479095458984,15.170804977416992
2018-06-11,4.05980110168457,26.711462020874023,14.732081413269043
2018-06-12,4.072971820831299,27.157970428466797,14.70258617401123
2018-06-13,3.9965720176696777,27.079174041748047,14.558802604675293
2018-06-14,3.978130578994751,27.163225173950195,14.042675018310547
2018-06-15,3.943881034851074,25.807952880859375,14.1790771484375
2018-06-18,3.820059299468994,25.849979400634766,13.891512870788574
2018-06-19,4.062435150146484,25.3719539642334,14.518254280090332
2018-06-20,4.270561695098877,25.639854431152344,14.787384986877441
2018-06-21,3.978130578994751,24.79937744140625,14.392892837524414
2018-06-22,3.9807651042938232,25.2196102142334,14.503510475158691
2018-06-25,4.13620138168335,24.773107528686523,14.533002853393555
2018-06-26,4.225775718688965,25.392967224121094,14.485069274902344
2018-06-27,4.360135555267334,25.293153762817383,14.223311424255371
2018-06-28,4.3733086585998535,25.77643585205078,14.617790222167969
2018-06-29,4.528745651245117,26.049589157104492,14.872178077697754
2018-07-02,4.602512359619141,25.613588333129883,14.881397247314453
2018-07-03,4.610415935516357,25.193349838256836,15.231764793395996
2018-07-04,4.6393961906433105,25.230121612548828,15.478864669799805
2018-07-05,4.705258369445801,26.107370376586914,15.379294395446777
2018-07-06,4.7263336181640625,26.443559646606445,15.519430160522461
2018-07-10,4.676278114318848,26.01807403564453,15.560012817382812
2018-07-11,4.586705207824707,25.666122436523438,15.622709274291992
2018-07-12,4.728969573974609,26.5013484954834,15.917749404907227
2018-07-13,4.771121501922607,26.42780303955078,16.323440551757812
2018-07-16,4.710527420043945,26.26496124267578,16.264429092407227
2018-07-17,4.818543910980225,26.63266944885254,16.570545196533203
2018-07-18,4.755313396453857,27.02664566040039,16.360319137573242
2018-07-19,4.8475236892700195,25.965539932250977,16.596343994140625
2018-07-20,5.081995487213135,25.59257698059082,17.068431854248047
2018-07-23,5.074091911315918,26.05484390258789,16.74019432067871
2018-07-24,5.17947244644165,26.953105926513672,16.7291316986084
2018-07-25,5.258508205413818,27.184236526489258,17.256519317626953
2018-07-26,5.113609790802002,27.72529411315918,16.983606338500977
2018-07-27,5.2084550857543945,28.077247619628906,17.0758056640625
2018-07-30,5.2400665283203125,28.53951072692871,17.32290267944336
2018-07-31,5.1952805519104,28.80740737915039,16.596343994140625
2018-08-01,5.271681308746338,27.87238121032715,16.804790496826172
2018-08-02,5.3770623207092285,27.75680923461914,16.863840103149414
2018-08-03,5.561479091644287,28.400127410888672,17.265966415405273
2018-08-06,5.543036937713623,28.319063186645508,17.140531539916992
2018-08-07,5.456097602844238,28.50821876525879,17.037227630615234
2018-08-08,5.305931091308594,28.319063186645508,16.638790130615234
2018-08-09,5.3586201667785645,28.016422271728516,16.55023765563965
2018-08-10,5.161032676696777,27.946163177490234,15.948870658874512
2018-08-13,5.279582977294922,28.25421142578125,16.07431983947754
2018-08-14,5.276941776275635,28.513620376586914,16.406356811523438
2018-08-15,5.031320095062256,27.24359130859375,16.29568099975586
2018-08-16,5.004909515380859,26.87068748474121,16.273540496826172
2018-08-17,4.875494003295898,27.454357147216797,15.85665225982666
2018-08-20,4.849083423614502,27.800241470336914,15.968995094299316
2018-08-21,4.680052757263184,27.95696258544922,15.76248550415039
2018-08-22,4.846441268920898,28.805461883544922,16.137956619262695
2018-08-23,4.740797996520996,28.83248519897461,15.510905265808105
2018-08-24,4.833237171173096,29.26483154296875,15.627301216125488
2018-08-27,4.941521644592285,30.0863037109375,16.145465850830078
2018-08-28,4.846441268920898,30.075496673583984,16.032825469970703
2018-08-29,5.097348690032959,29.843107223510742,16.299402236938477
2018-08-30,4.965291976928711,29.491817474365234,15.657350540161133
2018-08-31,5.0867838859558105,28.978403091430664,15.871363639831543
2018-09-03,5.01811408996582,29.210784912109375,15.651639938354492
2018-09-04,4.925675392150879,28.102888107299805,15.516413688659668
2018-09-05,4.95208740234375,28.18395233154297,15.606562614440918
2018-09-06,5.01547384262085,28.902740478515625,16.000947952270508
2018-09-10,5.0867838859558105,28.762222290039062,16.14743995666504
2018-09-11,4.8860578536987305,28.421749114990234,15.59154224395752
2018-09-12,5.004909515380859,28.886526107788086,15.636618614196777
2018-09-13,4.941521644592285,29.06487274169922,15.550223350524902
2018-09-14,4.962652206420898,29.832300186157227,15.824414253234863
2018-09-17,5.1237592697143555,29.745824813842773,16.200023651123047
2018-09-18,5.348254203796387,30.988842010498047,16.18501091003418
2018-09-19,5.276941776275635,31.658987045288086,16.297683715820312
2018-09-20,5.247890949249268,32.05891418457031,16.192516326904297
2018-09-21,5.3192033767700195,32.972251892089844,16.466712951660156
2018-09-24,5.2822265625,32.53449630737305,16.05729866027832
2018-09-25,5.303355693817139,33.61537551879883,16.094863891601562
2018-09-26,5.332406520843506,32.43181228637695,16.27138900756836
2018-09-27,5.667827606201172,32.145381927490234,16.718372344970703
2018-09-28,5.570107936859131,32.329124450683594,16.575632095336914
2018-10-01,5.546337127685547,32.642581939697266,16.389644622802734
2018-10-02,6.02701997756958,33.0749397277832,17.020889282226562
2018-10-03,6.283209800720215,32.39938735961914,17.79114532470703
2018-10-04,6.343954086303711,31.777883529663086,17.809934616088867
2018-10-05,6.3281049728393555,31.069900512695312,17.749814987182617
2018-10-08,7.025359630584717,30.832109451293945,18.805635452270508
2018-10-09,7.083465576171875,31.183395385742188,18.70794105529785
2018-10-10,6.880098342895508,30.205202102661133,18.06167221069336
2018-10-11,6.6793742179870605,30.52405548095703,17.847509384155273
2018-10-15,6.806149959564209,31.167184829711914,18.054166793823242
2018-10-16,7.059692859649658,31.183395385742188,18.77558135986328
2018-10-17,6.985744476318359,31.777883529663086,18.5801944732666
2018-10-18,6.787660121917725,30.53487205505371,18.027854919433594
2018-10-19,6.845764636993408,30.55107879638672,18.00907325744629
2018-10-22,7.006871700286865,31.545488357543945,18.2720947265625
2018-10-23,6.919714450836182,30.66997718811035,18.335966110229492
2018-10-24,6.782377243041992,29.41615104675293,17.85877799987793
2018-10-25,6.951409339904785,29.513431549072266,18.065427780151367
2018-10-26,7.28947114944458,30.04846954345703,18.403608322143555
2018-10-29,6.977819442749023,28.697376251220703,18.065427780151367
2018-10-30,7.395116329193115,29.113515853881836,18.595226287841797
2018-10-31,7.294754505157471,30.648366928100586,18.50504493713379
2018-11-01,7.21552038192749,31.075307846069336,18.77001953125
2018-11-05,7.437374114990234,31.091520309448242,18.972986221313477
2018-11-06,7.181185245513916,30.92938995361328,19.093257904052734
2018-11-07,6.946126937866211,31.123947143554688,19.112045288085938
2018-11-08,6.695221900939941,30.815898895263672,18.848947525024414
2018-11-09,6.724272727966309,29.535049438476562,19.08574104309082
2018-11-12,6.689939498901367,29.643138885498047,19.138357162475586
2018-11-13,6.40205717086792,30.410564422607422,19.066944122314453
2018-11-14,6.6291937828063965,29.81068229675293,19.232311248779297
2018-11-16,6.814070701599121,30.3457088470459,19.826160430908203
2018-11-19,6.866894245147705,29.924169540405273,19.814889907836914
2018-11-21,6.647680759429932,29.47018814086914,19.557432174682617
2018-11-22,6.668895244598389,29.20538902282715,19.5123291015625
2018-11-23,6.46206521987915,27.211156845092773,19.489778518676758
2018-11-26,6.430245399475098,27.086864471435547,19.16842269897461
2018-11-27,6.769656658172607,26.978776931762695,19.816770553588867
2018-11-28,6.729882717132568,28.2650203704834,20.312896728515625
2018-11-29,6.674196720123291,28.102888107299805,20.49330711364746
2018-11-30,6.751096248626709,28.53523826599121,20.307254791259766
2018-12-03,6.8783745765686035,29.243213653564453,20.050634384155273
2018-12-04,6.71927547454834,28.57847785949707,20.02806282043457
2018-12-05,6.777611255645752,28.53523826599121,20.039344787597656
2018-12-06,6.520402431488037,28.2650203704834,20.21982765197754
2018-12-07,6.568133354187012,27.719179153442383,20.0562744140625
2018-12-10,6.215463638305664,27.130096435546875,19.520465850830078
2018-12-11,6.175689220428467,27.346269607543945,19.695295333862305
2018-12-12,6.17833948135376,27.22197151184082,19.830669403076172
2018-12-13,6.194249629974365,27.346269607543945,20.180347442626953
2018-12-14,6.112048149108887,27.497594833374023,20.03370475769043
2018-12-17,6.064319133758545,27.697561264038086,19.497894287109375
2018-12-18,5.833625316619873,27.800241470336914,19.814180374145508
2018-12-19,5.899916172027588,27.027414321899414,19.549007415771484
2018-12-20,5.698391914367676,26.919322967529297,19.54336166381836
2018-12-21,5.714302062988281,27.486787796020508,19.453096389770508
2018-12-26,5.946500301361084,27.259798049926758,19.029958724975586
2018-12-27,5.9437575340271,26.751789093017578,19.3515567779541
2018-12-28,6.220786094665527,27.562440872192383,20.028568267822266
2019-01-02,6.599299430847168,27.611080169677734,20.883668899536133
2019-01-03,6.761127948760986,26.4815616607666,21.227975845336914
2019-01-04,6.780327320098877,28.205570220947266,20.87238121032715
2019-01-07,6.887299060821533,28.054248809814453,20.911893844604492
2019-01-08,6.846154689788818,28.324472427368164,21.17717170715332
2019-01-09,6.988785266876221,29.016231536865234,21.498889923095703
2019-01-10,6.928440570831299,28.697376251220703,21.35213851928711
2019-01-11,6.854383945465088,28.30826187133789,21.222320556640625
2019-01-14,6.81598424911499,28.42715072631836,21.38036346435547
2019-01-15,6.81049919128418,28.292041778564453,21.047361373901367
2019-01-16,6.807756423950195,28.45417594909668,20.985258102416992
2019-01-17,6.901011943817139,29.308061599731445,20.985258102416992
2019-01-18,6.966842174530029,29.594499588012695,21.256181716918945
2019-01-21,7.002499103546143,29.87553596496582,21.081218719482422
2019-01-22,6.892786026000977,29.767438888549805,21.047361373901367
2019-01-23,6.975069999694824,30.075496673583984,21.188459396362305
2019-01-24,7.005239963531494,30.3457088470459,21.160232543945312
2019-01-28,6.794041156768799,22.89304542541504,21.53839874267578
2019-01-29,6.958611965179443,23.09840965270996,21.38036346435547
2019-01-30,7.027182579040527,25.184511184692383,21.515825271606445
2019-01-31,7.0162129402160645,24.59002685546875,21.888347625732422
2019-02-01,7.0765557289123535,24.9953556060791,21.91374969482422
2019-02-04,7.139639377593994,24.146869659423828,22.410642623901367
2019-02-05,7.153355121612549,24.060396194458008,21.456398010253906
2019-02-06,6.991527080535889,22.94708824157715,20.5529727935791
2019-02-07,6.881814002990723,22.476905822753906,20.626365661621094
2019-02-08,6.892786026000977,23.325395584106445,21.06678581237793
2019-02-11,6.813239097595215,22.70929718017578,20.82962989807129
2019-02-12,7.054612636566162,23.941497802734375,21.32652473449707
2019-02-13,7.145126819610596,24.584627151489258,20.840938568115234
2019-02-14,7.391984462738037,24.676496505737305,21.394287109375
2019-02-15,7.361813068389893,24.79539680480957,21.174068450927734
2019-02-18,7.339869976043701,24.45491600036621,20.83528709411621
2019-02-19,7.509923934936523,24.584627151489258,21.31523323059082
2019-02-20,7.416668891906738,24.752155303955078,21.044206619262695
2019-02-21,7.515413284301758,24.52517318725586,21.428150177001953
2019-02-22,7.441355228424072,25.39528465270996,21.730533599853516
2019-02-25,7.3234124183654785,25.46553611755371,21.398582458496094
2019-02-26,7.290497303009033,25.508779525756836,21.47563934326172
2019-02-27,7.427639484405518,25.30881690979004,21.28594970703125
2019-02-28,7.42215633392334,25.454730987548828,20.882888793945312
2019-03-01,7.3234124183654785,25.260173797607422,20.66050148010254
2019-03-06,7.339869976043701,25.96814727783203,20.66643524169922
2019-03-07,7.3426127433776855,26.405906677246094,20.95107650756836
2019-03-08,7.315184593200684,26.400501251220703,21.200143814086914
2019-03-11,7.611410617828369,26.957157135009766,21.893962860107422
2019-03-12,7.542840480804443,27.005794525146484,21.94140625
2019-03-13,7.707408905029297,27.400314331054688,22.17860984802246
2019-03-14,7.7320966720581055,27.40571403503418,21.8287410736084
2019-03-15,7.74855375289917,27.31924819946289,21.82280921936035
2019-03-18,7.882954120635986,27.270610809326172,21.85838508605957
2019-03-19,8.009127616882324,28.048843383789062,21.348400115966797
2019-03-20,7.9460368156433105,27.324649810791016,20.868051528930664
2019-03-21,7.833581924438477,27.503000259399414,20.500398635864258
2019-03-22,7.405696392059326,27.049028396606445,19.895523071289062
2019-03-25,7.498953819274902,26.778806686401367,19.9251766204834
2019-03-26,7.852780818939209,27.17332649230957,20.132715225219727
2019-03-27,7.498953819274902,26.805831909179688,19.45076560974121
2019-03-28,7.696439743041992,26.64369773864746,20.2216739654541
2019-03-29,7.696439743041992,27.52461814880371,20.417362213134766
2019-04-01,7.679981708526611,28.42715072631836,20.266084671020508
2019-04-02,7.759525775909424,27.90292739868164,19.945716857910156
2019-04-03,7.553812026977539,27.983985900878906,19.767736434936523
2019-04-04,7.808895111083984,28.189353942871094,20.06437110900879
2019-04-05,7.893924236297607,28.092077255249023,20.497465133666992
2019-04-08,8.02283763885498,28.85409927368164,20.372873306274414
2019-04-09,7.998151779174805,28.292041778564453,20.260154724121094
2019-04-10,7.893924236297607,27.973186492919922,20.22456169128418
2019-04-11,7.679981708526611,27.989398956298828,19.75588035583496
2019-04-12,7.084782600402832,27.821853637695312,19.548229217529297
2019-04-15,7.11221170425415,27.74079132080078,19.53636360168457
2019-04-16,7.328897476196289,28.697376251220703,19.51856231689453
2019-04-17,7.3371262550354,28.23799705505371,19.21600341796875
2019-04-18,7.570266246795654,28.41634750366211,19.477033615112305
2019-04-22,7.526383876800537,27.724576950073242,19.42364501953125
2019-04-23,7.592212200164795,28.059650421142578,19.672822952270508
2019-04-24,7.570266246795654,27.216569900512695,19.702484130859375
2019-04-25,7.625123977661133,27.200355529785156,20.00504493713379
2019-04-26,7.479514122009277,27.24898910522461,20.052509307861328
2019-04-29,7.512450695037842,27.157115936279297,19.892322540283203
2019-04-30,7.441086769104004,27.076047897338867,20.07030487060547
2019-05-02,7.336784362792969,26.44914436340332,20.20384979248047
2019-05-03,7.369722843170166,27.23818588256836,20.00797462463379
2019-05-06,7.34776496887207,26.838258743286133,19.56878089904785
2019-05-07,7.232484817504883,26.859874725341797,19.349172592163086
2019-05-08,7.512450695037842,26.4815616607666,19.56878089904785
2019-05-09,7.364233016967773,26.23296356201172,19.325414657592773
2019-05-10,7.323062896728516,26.73016929626465,19.236391067504883
2019-05-13,7.108967304229736,25.633079528808594,18.933691024780273
2019-05-14,7.136419773101807,25.719547271728516,18.84466552734375
2019-05-15,7.103479862213135,25.91411018371582,18.904006958007812
2019-05-16,6.936048984527588,25.07642364501953,18.66066551208496
2019-05-17,6.774107456207275,25.789804458618164,18.696277618408203
2019-05-20,7.004668235778809,25.26557731628418,19.1829776763916
2019-05-21,7.270909786224365,25.62226676940918,19.924880981445312
2019-05-22,7.2433600425720215,25.6492919921875,19.942697525024414
2019-05-23,7.119376182556152,25.843847274780273,19.90114402770996
2019-05-24,7.188255310058594,26.10866355895996,19.604379653930664
2019-05-27,7.229583740234375,27.124692916870117,19.67560577392578
2019-05-28,7.383872985839844,27.157115936279297,20.22759437561035
2019-05-29,7.301215171813965,26.859874725341797,20.607465744018555
2019-05-30,7.204787254333496,27.027414321899414,20.821134567260742
2019-05-31,7.039473533630371,26.4815616607666,20.773637771606445
2019-06-03,7.160704612731934,26.389699935913086,20.830047607421875
2019-06-04,7.218562602996826,26.541017532348633,20.7944278717041
2019-06-05,7.124886989593506,26.151897430419922,20.39064598083496
2019-06-06,7.240603446960449,26.373476028442383,20.604412078857422
2019-06-07,7.372852325439453,26.297815322875977,20.824119567871094
2019-06-10,7.342546463012695,26.124879837036133,20.562843322753906
2019-06-11,7.483060359954834,27.794837951660156,20.663795471191406
2019-06-12,7.397648811340332,27.827260971069336,20.545034408569336
2019-06-13,7.488569259643555,28.02182388305664,20.176881790161133
2019-06-14,7.455509662628174,27.77862548828125,20.182828903198242
2019-06-17,7.469283580780029,27.130096435546875,20.159072875976562
2019-06-18,7.562958717346191,28.102888107299805,20.681604385375977
2019-06-19,7.582245349884033,28.2650203704834,21.008197784423828
2019-06-21,7.79163932800293,28.34067726135254,21.48321533203125
2019-06-24,7.783373832702637,28.319063186645508,21.435710906982422
2019-06-25,7.579490661621094,27.767820358276367,21.16851043701172
2019-06-26,7.6235737800598145,27.875905990600586,21.673227310180664
2019-06-27,7.502345085144043,27.94075584411621,21.52478790283203
2019-06-28,7.551939964294434,28.00560760498047,21.530719757080078
2019-07-01,7.510610580444336,28.99461555480957,21.43270492553711
2019-07-02,7.389385223388672,27.773216247558594,21.355485916137695
2019-07-03,7.488569259643555,27.719179153442383,21.723785400390625
2019-07-04,7.54642915725708,27.924541473388672,21.97327423095703
2019-07-05,7.549185276031494,27.216569900512695,22.216829299926758
2019-07-08,7.6180620193481445,27.535429000854492,22.157428741455078
2019-07-10,7.733777046203613,28.17314910888672,22.098026275634766
2019-07-11,7.824700832366943,28.129911422729492,22.068321228027344
2019-07-12,7.860518932342529,28.000205993652344,21.658437728881836
2019-07-15,7.764087200164795,28.47579002380371,21.599035263061523
2019-07-16,7.667656421661377,28.67034912109375,21.68219566345215
2019-07-17,7.62632942199707,28.47579002380371,21.622793197631836
2019-07-18,7.579490661621094,28.421749114990234,22.19900894165039
2019-07-19,7.56020450592041,28.49200439453125,21.622793197631836
2019-07-22,7.573978900909424,28.346086502075195,21.991100311279297
2019-07-23,7.582245349884033,27.973186492919922,22.2049503326416
2019-07-24,7.535408020019531,27.373292922973633,22.1871280670166
2019-07-25,7.408669471740723,27.286821365356445,21.50398826599121
2019-07-26,7.202030658721924,27.146305084228516,21.890106201171875
2019-07-29,7.268156051635742,27.162519454956055,21.979209899902344
2019-07-30,7.229583740234375,27.027414321899414,21.24854850769043
2019-07-31,7.185499668121338,26.919322967529297,20.684223175048828
2019-08-01,7.232337951660156,26.157304763793945,20.72879409790039
2019-08-02,7.306728363037109,25.854656219482422,20.758506774902344
2019-08-05,7.039473533630371,24.86025047302246,20.473251342773438
2019-08-06,7.130396842956543,25.195322036743164,21.09130859375
2019-08-07,7.053251266479492,25.119657516479492,21.86983299255371
2019-08-08,7.259891033172607,25.497970581054688,21.988685607910156
2019-08-09,7.240603446960449,24.584627151489258,21.822280883789062
2019-08-12,7.067026138305664,24.406278610229492,20.918973922729492
2019-08-13,7.161439895629883,25.130470275878906,21.329023361206055
2019-08-14,6.919856071472168,24.254955291748047,20.859533309936523
2019-08-15,6.728254795074463,23.719919204711914,20.80010986328125
2019-08-16,6.639395713806152,23.61182975769043,20.883333206176758
2019-08-19,6.672718524932861,23.590211868286133,20.792137145996094
2019-08-20,6.669941425323486,23.692899703979492,20.561119079589844
2019-08-21,7.067026138305664,23.860431671142578,20.71918296813965
2019-08-22,7.003159046173096,23.719919204711914,20.390892028808594
2019-08-23,6.742138862609863,23.390249252319336,20.153789520263672
2019-08-26,6.653280735015869,23.130840301513672,20.147716522216797
2019-08-27,6.758799076080322,23.411863327026367,20.384815216064453
2019-08-28,6.828221321105957,23.498336791992188,20.61583709716797
2019-08-29,7.080911159515381,24.373849868774414,20.72526741027832
2019-08-30,7.080911159515381,24.627859115600586,20.634082794189453
2019-09-02,7.025375843048096,24.865650177001953,20.375579833984375
2019-09-03,7.108680248260498,24.6008358001709,19.986316680908203
2019-09-04,7.291951656341553,25.14127540588379,20.126209259033203
2019-09-05,7.3280510902404785,25.14127540588379,20.697935104370117
2019-09-06,7.364147663116455,25.103445053100586,21.391324996948242
2019-09-09,7.477998733520508,25.881677627563477,21.914396286010742
2019-09-10,7.525204181671143,26.070829391479492,21.488637924194336
2019-09-11,7.461337566375732,25.91411018371582,21.391324996948242
2019-09-12,7.514096736907959,26.85447120666504,21.525129318237305
2019-09-13,7.464113235473633,26.908517837524414,21.81707763671875
2019-09-16,7.791779041290283,26.259984970092773,21.427804946899414
2019-09-17,7.689035892486572,26.427526473999023,21.506881713867188
2019-09-18,7.558526992797852,26.157304763793945,21.439970016479492
2019-09-19,7.577964782714844,26.11406898498535,21.08112335205078
2019-09-20,7.497435569763184,26.168109893798828,21.135868072509766
2019-09-23,7.630722522735596,25.995168685913086,21.068952560424805
2019-09-24,7.572409152984619,25.362855911254883,20.849990844726562
2019-09-25,7.591848373413086,25.865463256835938,21.093284606933594
2019-09-26,7.6918134689331055,25.865463256835938,21.701509475708008
2019-09-27,7.680706977844238,25.757375717163086,21.61028289794922
2019-09-30,7.6501617431640625,25.806015014648438,21.306167602539062
2019-10-01,7.639054298400879,25.784400939941406,20.822410583496094
2019-10-02,7.419684886932373,24.373849868774414,20.250436782836914
2019-10-03,7.425238609313965,24.557601928710938,20.25653648376465
2019-10-04,7.3613739013671875,25.179107666015625,20.353878021240234
2019-10-07,7.2669572830200195,24.881866455078125,19.976627349853516
2019-10-08,7.225306987762451,24.49274444580078,19.891429901123047
2019-10-09,7.364147663116455,24.681900024414062,20.207847595214844
2019-10-10,7.425238609313965,25.530391693115234,20.353878021240234
2019-10-11,7.569632530212402,26.287010192871094,20.615535736083984
2019-10-14,7.583519458770752,25.935726165771484,20.96236228942871
2019-10-15,7.664045810699463,25.892486572265625,20.913694381713867
2019-10-16,7.755681991577148,25.2925968170166,21.211856842041016
2019-10-17,7.680706977844238,25.24395751953125,21.08406639099121
2019-10-18,7.664045810699463,24.876462936401367,20.834596633911133
2019-10-21,7.711251735687256,25.514177322387695,21.175344467163086
2019-10-22,7.933395862579346,25.562816619873047,21.832508087158203
2019-10-23,8.038917541503906,25.46013832092285,22.14283561706543
2019-10-24,7.863976955413818,25.26557731628418,22.246274948120117
2019-10-25,8.122223854064941,26.243772506713867,22.392309188842773
2019-10-28,8.219412803649902,26.319440841674805,22.696561813354492
2019-10-29,8.280501365661621,26.29241180419922,22.29495620727539
2019-10-30,8.35269832611084,26.259984970092773,22.434898376464844
2019-10-31,8.438779830932617,25.508779525756836,22.04547119140625
2019-11-01,8.4498872756958,26.178924560546875,22.12766456604004
2019-11-04,8.430451393127441,26.924726486206055,22.200708389282227
2019-11-05,8.233294486999512,26.951751708984375,22.584203720092773
2019-11-06,8.249954223632812,26.85447120666504,22.279844284057617
2019-11-07,8.580399513244629,27.08145523071289,22.41376495361328
2019-11-08,8.336037635803223,26.57884979248047,22.078956604003906
2019-11-11,8.455442428588867,26.011384963989258,22.176359176635742
2019-11-12,8.391408920288086,25.8870849609375,21.79894256591797
2019-11-13,8.357865333557129,25.46553611755371,21.579782485961914
2019-11-14,8.190150260925293,25.40068244934082,21.719802856445312
2019-11-18,8.128654479980469,25.730350494384766,21.62240219116211
2019-11-19,8.044795036315918,26.032995223999023,21.3850040435791
2019-11-21,8.343890190124512,26.168109893798828,21.604141235351562
2019-11-22,8.380228996276855,27.038219451904297,21.750242233276367
2019-11-25,8.310346603393555,27.486787796020508,21.439781188964844
2019-11-26,8.159401893615723,27.68134117126465,21.001493453979492
2019-11-27,8.198534965515137,27.33546257019043,21.12323760986328
2019-11-28,8.254440307617188,27.22197151184082,21.062355041503906
2019-11-29,8.148221015930176,27.01119613647461,21.184114456176758
2019-12-02,8.125858306884766,27.746196746826172,21.48556900024414
2019-12-03,8.100701332092285,27.24898910522461,21.491653442382812
2019-12-04,8.290780067443848,27.51921272277832,22.265085220336914
2019-12-05,8.39979362487793,27.535429000854492,22.234636306762695
2019-12-06,8.483651161193848,27.751602172851562,21.832698822021484
2019-12-09,8.44451904296875,27.800241470336914,22.258996963500977
2019-12-10,8.508810043334961,27.6705379486084,21.936227798461914
2019-12-11,8.497629165649414,28.011014938354492,21.680450439453125
2019-12-12,8.656959533691406,28.616304397583008,21.674352645874023
2019-12-13,8.380228996276855,29.054061889648438,22.136199951171875
2019-12-16,8.220898628234863,28.82707977294922,21.63019371032715
2019-12-17,8.343890190124512,28.87030792236328,21.95939826965332
2019-12-18,8.536763191223145,28.8973388671875,22.239835739135742
2019-12-19,8.556329727172852,29.18377113342285,22.349573135375977
2019-12-20,8.458494186401367,29.610715866088867,22.252038955688477
2019-12-23,8.525582313537598,29.49721908569336,22.459308624267578
2019-12-26,8.640188217163086,29.610715866088867,22.800710678100586
2019-12-27,8.649242401123047,29.735185623168945,22.7397518157959
2019-12-30,8.552885055541992,29.568758010864258,22.617815017700195
2020-01-02,8.700252532958984,30.140161514282227,23.194168090820312
2020-01-03,8.629403114318848,29.918254852294922,22.950204849243164
2020-01-06,8.731424331665039,29.74073600769043,22.608671188354492
2020-01-07,8.697419166564941,29.957088470458984,22.084169387817383
2020-01-08,8.643572807312012,29.962635040283203,21.724321365356445
2020-01-09,8.615232467651367,29.568758010864258,21.291305541992188
2020-01-10,8.578391075134277,29.6020450592041,21.10224723815918
2020-01-13,8.5953950881958,30.678274154663086,21.382795333862305
2020-01-14,8.501874923706055,30.866893768310547,21.382795333862305
2020-01-15,8.374346733093262,30.767032623291016,21.12053680419922
2020-01-16,8.365843772888184,30.606155395507812,21.163225173950195
2020-01-17,8.45936393737793,31.621374130249023,21.309602737426758
2020-01-20,8.501874923706055,31.82108497619629,20.87657356262207
2020-01-21,8.394184112548828,31.083253860473633,20.431360244750977
2020-01-22,8.30066204071045,31.233041763305664,20.553325653076172
2020-01-23,8.402685165405273,30.789228439331055,21.041248321533203
2020-01-24,8.303494453430176,29.846145629882812,20.88268280029297
2020-01-27,7.943585395812988,28.020977020263672,20.431360244750977
2020-01-28,8.161798477172852,28.40376091003418,20.425260543823242
2020-01-29,8.175970077514648,28.154111862182617,20.108116149902344
2020-01-30,8.201475143432617,28.5701847076416,20.40087127685547
2020-01-31,8.06261157989502,27.887826919555664,20.016626358032227
2020-02-03,7.986092567443848,28.242877960205078,20.074600219726562
2020-02-04,8.113619804382324,28.997358322143555,20.233251571655273
2020-02-05,8.045607566833496,29.396780014038086,20.355276107788086
2020-02-06,8.269489288330078,29.557662963867188,20.306459426879883
2020-02-07,8.198643684387207,28.903043746948242,20.56884002685547
2020-02-10,8.25532054901123,27.843456268310547,20.91663360595703
2020-02-11,8.354506492614746,28.87530517578125,21.398670196533203
2020-02-12,8.538716316223145,29.441164016723633,21.31324005126953
2020-02-13,8.422525405883789,28.925228118896484,20.983747482299805
2020-02-14,8.337505340576172,28.29279899597168,20.629850387573242
2020-02-17,8.320500373840332,29.629783630371094,20.440696716308594
2020-02-18,8.431024551391602,29.29137420654297,20.526132583618164
2020-02-19,8.65774154663086,29.29692840576172,20.819002151489258
2020-02-20,8.479204177856445,28.958518981933594,20.745792388916016
2020-02-21,8.258153915405273,27.810171127319336,20.54878044128418
2020-02-26,7.4278035163879395,25.158409118652344,19.523855209350586
2020-02-27,7.1699137687683105,24.670215606689453,19.536436080932617
2020-02-28,7.181249141693115,24.581457138061523,20.121206283569336
2020-03-02,7.518491744995117,25.718719482421875,20.055158615112305
2020-03-03,7.38245964050293,25.713167190551758,19.690284729003906
2020-03-04,7.620514392852783,26.94473648071289,19.87901496887207
2020-03-05,7.167079925537109,25.99054527282715,19.199609756469727
2020-03-06,6.469926834106445,24.747886657714844,18.790708541870117
2020-03-09,4.5485029220581055,20.986604690551758,17.48849868774414
2020-03-10,4.976430892944336,24.85883331298828,17.922563552856445
2020-03-11,4.491824150085449,22.6009578704834,16.46310043334961
2020-03-12,3.570786952972412,19.610795974731445,14.84635066986084
2020-03-13,4.3642964363098145,23.79924774169922,16.488258361816406
2020-03-16,3.7096505165100098,21.657865524291992,14.97216796875
2020-03-17,3.684145450592041,23.028121948242188,15.852884292602539
2020-03-18,3.1995389461517334,21.44150733947754,14.751997947692871
2020-03-19,3.4602630138397217,20.19329833984375,14.374547004699707
2020-03-20,3.400749683380127,19.522035598754883,13.871273040771484
2020-03-23,3.259052038192749,18.91734504699707,12.908775329589844
2020-03-24,3.7549948692321777,20.881202697753906,14.1543607711792
2020-03-25,4.0582275390625,22.661983489990234,14.84635066986084
2020-03-26,4.078066349029541,23.299959182739258,15.255258560180664
2020-03-27,3.7691640853881836,22.245912551879883,14.450024604797363
2020-03-30,3.791835308074951,23.172361373901367,15.167180061340332
2020-03-31,3.964707374572754,23.976764678955078,14.525522232055664
2020-04-01,4.052560806274414,24.05997657775879,13.47111701965332
2020-04-02,4.395468711853027,23.732669830322266,13.53406810760498
2020-04-03,4.347291469573975,22.467817306518555,13.005294799804688
2020-04-06,4.469151973724365,23.926836013793945,13.962120056152344
2020-04-07,4.647690296173096,24.287433624267578,14.478310585021973
2020-04-08,4.908414840698242,24.137645721435547,15.221110343933105
2020-04-09,4.766717910766602,24.010051727294922,14.79305362701416
2020-04-13,4.797891139984131,24.725688934326172,15.107793807983398
2020-04-14,4.741212368011475,24.703502655029297,15.29664134979248
2020-04-15,4.642023086547852,23.96012306213379,14.730109214782715
2020-04-16,4.454981803894043,23.721574783325195,14.358708381652832
2020-04-17,4.571174621582031,24.40947914123535,14.616802215576172
2020-04-20,4.520163059234619,23.55514907836914,14.251693725585938
2020-04-22,4.746880531311035,23.79924774169922,14.0817232131958
2020-04-23,4.803559303283691,24.137645721435547,13.880293846130371
2020-04-24,4.520163059234619,24.27633285522461,13.14378833770752
2020-04-27,4.661860466003418,24.714599609375,13.578142166137695
2020-04-28,4.888576984405518,24.747886657714844,14.698624610900879
2020-04-29,5.157803535461426,25.92397689819336,14.893773078918457
2020-04-30,5.115294456481934,24.886577606201172,14.333525657653809
2020-05-04,4.925419330596924,24.370647430419922,13.788654327392578
2020-05-05,5.084120273590088,24.243053436279297,14.298882484436035
2020-05-06,4.897080421447754,24.592554092407227,14.009113311767578
2020-05-07,4.9424238204956055,25.546733856201172,13.505203247070312
2020-05-08,5.237154960632324,27.10007095336914,14.059524536132812
2020-05-11,5.14363431930542,26.47873306274414,14.097306251525879
2020-05-12,5.140799522399902,26.32895278930664,13.612279891967773
2020-05-13,4.984931945800781,26.9280948638916,13.605982780456543
2020-05-14,4.931086540222168,26.678455352783203,14.204395294189453
2020-05-15,4.860238075256348,26.656259536743164,13.624874114990234
2020-05-18,5.254158973693848,28.43703842163086,14.279983520507812
2020-05-19,5.293833255767822,29.013999938964844,13.662668228149414
2020-05-20,5.469540119171143,29.12494468688965,13.605982780456543
2020-05-21,5.438365936279297,28.36492347717285,14.387068748474121
2020-05-22,5.2910003662109375,27.887826919555664,14.462658882141113
2020-05-25,5.520551681518555,27.793516159057617,15.09256362915039
2020-05-26,5.574396133422852,27.294240951538086,14.494150161743164
2020-05-27,5.6480793952941895,28.09309196472168,14.947689056396484
2020-05-28,5.602736473083496,27.78797721862793,14.683127403259277
2020-05-29,5.7642717361450195,29.402324676513672,14.513043403625488
2020-06-01,5.761438369750977,29.635324478149414,14.91330337524414
2020-06-02,6.064670562744141,29.635324478149414,15.915504455566406
2020-06-03,6.084508419036865,29.76847267150879,16.337818145751953
2020-06-04,6.073172569274902,30.87799644470215,16.810556411743164
2020-06-05,6.263047218322754,30.295494079589844,17.182437896728516
2020-06-08,6.3849077224731445,30.389802932739258,17.87578773498535
2020-06-09,6.1553568840026855,30.50629997253418,17.52281379699707
2020-06-10,6.064670562744141,30.068038940429688,16.760129928588867
2020-06-12,5.837954044342041,29.624238967895508,16.42605972290039
2020-06-15,5.866292953491211,29.890520095825195,16.041563034057617
2020-06-16,6.056169033050537,30.72820472717285,16.501691818237305
2020-06-17,6.076005458831787,31.177570343017578,16.709701538085938
2020-06-18,6.121349811553955,31.160919189453125,17.3652400970459
2020-06-19,6.084508419036865,30.606155395507812,17.705610275268555
2020-06-22,5.937142372131348,30.511850357055664,17.157230377197266
2020-06-23,6.1355180740356445,30.839162826538086,16.930316925048828
2020-06-24,5.9513115882873535,30.72820472717285,16.287384033203125
2020-06-25,6.084508419036865,31.066606521606445,16.482789993286133
2020-06-26,5.905969142913818,30.85580062866211,16.205448150634766
2020-06-29,6.138354778289795,30.861351013183594,16.690792083740234
2020-06-30,6.107179164886475,31.02222442626953,16.041563034057617
2020-07-01,6.152523040771484,30.25665855407715,16.460975646972656
2020-07-02,6.251710414886475,30.78367805480957,16.744783401489258
2020-07-03,6.229040622711182,30.656085968017578,16.713247299194336
2020-07-06,6.379240036010742,31.38282012939453,17.488998413085938
2020-07-07,6.299888610839844,31.27187156677246,16.631258010864258
2020-07-08,6.418915271759033,31.79889488220215,16.990751266479492
2020-07-09,6.274382591247559,31.29960823059082,16.997051239013672
2020-07-10,6.379240036010742,31.6047306060791,17.154726028442383
2020-07-13,6.280052185058594,31.981966018676758,16.902454376220703
2020-07-14,6.4897637367248535,34.2287483215332,17.186267852783203
2020-07-15,6.614458084106445,34.2786750793457,17.30609703063965
2020-07-16,6.4387526512146,33.35222625732422,17.015979766845703
2020-07-17,6.444419860839844,33.86260986328125,17.167348861694336
2020-07-20,6.444419860839844,33.72946548461914,17.217798233032227
2020-07-21,6.622959136962891,33.119232177734375,17.52053451538086
2020-07-22,6.532273769378662,32.86404037475586,17.0727481842041
2020-07-23,6.396372318267822,32.64767837524414,16.713247299194336
2020-07-24,6.441715717315674,32.50899124145508,16.6943302154541
2020-07-27,6.574915409088135,34.045677185058594,17.53314781188965
2020-07-28,6.46155309677124,33.474273681640625,17.432235717773438
2020-07-29,6.56641149520874,34.92219924926758,17.842172622680664
2020-07-30,6.467222213745117,33.990203857421875,17.539447784423828
2020-07-31,6.2915143966674805,33.679542541503906,16.959217071533203
2020-08-03,6.178152561187744,33.429893493652344,17.21478843688965
2020-08-04,6.172484397888184,33.67399215698242,16.21143913269043
2020-08-05,6.569247245788574,34.50057601928711,16.198810577392578
2020-08-06,6.5805816650390625,34.300865173339844,16.425989151000977
2020-08-07,6.4587202072143555,33.53529739379883,16.07891845703125
2020-08-10,6.645765781402588,34.50613021850586,16.287158966064453
2020-08-11,6.540907382965088,33.44099044799805,16.09784698486328
2020-08-12,6.654266357421875,34.11779022216797,15.914851188659668
2020-08-13,6.4728899002075195,33.479820251464844,15.460494041442871
2020-08-14,6.42471170425415,34.03458023071289,15.605632781982422
2020-08-17,6.404874324798584,34.52277755737305,15.233322143554688
2020-08-18,6.523902893066406,34.98322677612305,15.330020904541016
2020-08-19,6.487060070037842,34.611534118652344,15.254136085510254
2020-08-20,6.441715717315674,34.92219924926758,15.254136085510254
2020-08-21,6.393537998199463,34.50613021850586,15.228836059570312
2020-08-24,6.509731292724609,34.92774200439453,15.481802940368652
2020-08-25,6.481392860412598,34.18436813354492,15.367976188659668
2020-08-26,6.29718017578125,34.25648498535156,15.045435905456543
2020-08-27,6.277341842651367,33.72392272949219,15.292071342468262
2020-08-28,6.387869834899902,33.89589309692383,15.450189590454102
2020-08-31,6.203657627105713,33.10813522338867,14.89364242553711
2020-09-01,6.481392860412598,34.26203155517578,15.403072357177734
2020-09-02,6.46155309677124,34.01793670654297,15.371437072753906
2020-09-03,6.484226703643799,32.90841293334961,15.74480152130127
2020-09-04,6.49556303024292,33.5574951171875,15.795437812805176
2020-09-08,6.308518409729004,32.88068389892578,15.441044807434082
2020-09-09,6.441715717315674,33.285648345947266,15.460036277770996
2020-09-10,6.268840789794922,32.470149993896484,15.130961418151855
2020-09-11,6.200823783874512,34.36743927001953,14.953767776489258
2020-09-14,6.1441450119018555,34.34524154663086,15.21954345703125
2020-09-15,6.1413092613220215,34.72802734375,15.017057418823242
2020-09-16,6.158314228057861,33.82377243041992,14.972753524780273
2020-09-17,6.277341842651367,34.43955612182617,14.991731643676758
2020-09-18,6.135642051696777,34.2065544128418,14.61836051940918
2020-09-21,5.92309045791626,33.285648345947266,14.491792678833008
2020-09-22,5.894750118255615,33.4113655090332,14.61836051940918
2020-09-23,5.733211994171143,34.15692138671875,14.2260103225708
2020-09-24,5.781391143798828,33.902618408203125,14.574063301086426
2020-09-25,5.704873085021973,34.243614196777344,14.498132705688477
2020-09-28,5.563170909881592,33.97197723388672,14.491792678833008
2020-09-29,5.472483158111572,33.723453521728516,14.175384521484375
2020-09-30,5.557505130767822,34.16270065307617,14.238668441772461
2020-10-01,5.6255202293396,34.018211364746094,14.260832786560059
2020-10-02,5.390295505523682,33.70611572265625,14.305155754089355
2020-10-05,5.676530838012695,34.440120697021484,14.457141876220703
2020-10-06,5.648192882537842,33.8795051574707,14.482465744018555
2020-10-07,5.608516693115234,34.775333404541016,14.374814987182617
2020-10-08,5.792727947235107,35.422637939453125,15.242378234863281
2020-10-09,5.611349105834961,35.601802825927734,15.198039054870605
2020-10-13,5.704873085021973,35.91389465332031,15.05240249633789
2020-10-14,5.65952730178833,36.41093444824219,15.00806999206543
2020-10-15,5.597180366516113,36.1046142578125,14.87508487701416
2020-10-16,5.478150844573975,35.97168731689453,14.63444995880127
2020-10-19,5.5319976806640625,35.80408477783203,14.792765617370605
2020-10-20,5.719041347503662,35.74050521850586,15.38169002532959
2020-10-21,5.713374137878418,36.32423782348633,15.521003723144531
2020-10-22,5.906087875366211,36.468727111816406,16.318899154663086
2020-10-23,5.829569339752197,36.67100524902344,16.109922409057617
2020-10-26,5.738880634307861,36.12195587158203,16.223913192749023
2020-10-27,5.634022235870361,36.13929748535156,15.761630058288574
2020-10-28,5.291106224060059,34.82735061645508,15.058722496032715
2020-10-29,5.466814041137695,35.844547271728516,15.134722709655762
2020-10-30,5.367624282836914,34.99495315551758,14.868757247924805
2020-11-03,5.568839073181152,36.6074333190918,15.233100891113281
2020-11-04,5.588676929473877,35.590240478515625,15.841415405273438
2020-11-05,5.636855602264404,36.15085220336914,16.21527862548828
2020-11-06,5.597180366516113,36.520748138427734,16.196258544921875
2020-11-09,6.1243062019348145,36.520748138427734,17.507932662963867
2020-11-10,6.540907382965088,36.50340270996094,18.30000114440918
2020-11-11,6.484226703643799,36.75770568847656,18.14792251586914
2020-11-12,6.20932674407959,36.220211029052734,17.704370498657227
2020-11-13,6.4133758544921875,36.555419921875,18.04020881652832
2020-11-16,6.6004204750061035,37.520599365234375,18.673873901367188
2020-11-17,6.713781833648682,38.705406188964844,18.686542510986328
2020-11-18,6.674104690551758,38.40486526489258,18.230300903320312
2020-11-19,6.75062370300293,39.13886260986328,18.255638122558594
2020-11-23,7.113377094268799,41.202152252197266,18.312673568725586
2020-11-24,7.430789470672607,43.23076248168945,18.825942993164062
2020-11-25,7.439289569854736,43.63533020019531,18.604150772094727
2020-11-26,7.3174262046813965,44.253726959228516,18.211292266845703
2020-11-27,7.2267374992370605,45.334495544433594,18.350706100463867
2020-11-30,7.056697845458984,45.080204010009766,18.097238540649414
2020-12-01,7.2550787925720215,46.95854568481445,18.861196517944336
2020-12-02,7.342933177947998,46.14363098144531,19.007007598876953
2020-12-03,7.5498151779174805,45.63502883911133,18.99433135986328
2020-12-04,7.802043914794922,47.38044357299805,19.184524536132812
2020-12-07,7.65184211730957,47.94105911254883,19.298646926879883
2020-12-08,7.555484771728516,47.912166595458984,19.2479248046875
2020-12-09,7.634836673736572,47.79657745361328,19.36204719543457
2020-12-10,7.884228229522705,49.1258659362793,20.002376556396484
2020-12-11,7.81337833404541,49.04495620727539,19.884187698364258
2020-12-14,7.827549934387207,48.287837982177734,19.61737060546875
2020-12-15,7.892731189727783,48.83688735961914,19.795246124267578
2020-12-16,7.989086151123047,49.830963134765625,20.17007064819336
2020-12-17,8.00325870513916,50.39735412597656,20.144641876220703
2020-12-18,7.963582992553711,50.74412536621094,20.112882614135742
2020-12-21,7.6575093269348145,50.20084762573242,19.757131576538086
2020-12-22,7.731192588806152,50.24708938598633,19.852428436279297
2020-12-23,7.921071529388428,50.489830017089844,20.29075813293457
2020-12-28,7.98625373840332,50.46092987060547,20.43688201904297
2020-12-29,8.011759757995605,50.32222366333008,20.39240074157715
2020-12-30,8.031596183776855,50.54184341430664,20.09382438659668
2021-01-04,8.193136215209961,52.85942840576172,19.639379501342773
2021-01-05,8.513381004333496,53.74947738647461,19.51228141784668
2021-01-06,8.530384063720703,55.51223373413086,20.084300994873047
2021-01-07,8.785446166992188,59.1359748840332,20.866056442260742
2021-01-08,8.819454193115234,58.951019287109375,20.859704971313477
2021-01-11,8.745770454406738,58.93947982788086,20.389375686645508
2021-01-12,8.680586814880371,57.32699203491211,20.452932357788086
2021-01-13,8.261152267456055,55.610477447509766,20.11607551574707
2021-01-14,8.346174240112305,56.52364730834961,20.713516235351562
2021-01-15,7.969249725341797,54.067344665527344,19.93174934387207
2021-01-18,7.955080986022949,54.50658416748047,19.830060958862305
2021-01-19,8.130788803100586,54.362091064453125,19.594892501831055
2021-01-20,7.994754791259766,53.35646057128906,19.270753860473633
2021-01-21,7.807711601257324,53.9575309753418,19.010154724121094
2021-01-22,7.6773457527160645,53.847721099853516,18.603391647338867
2021-01-26,7.65184211730957,53.027034759521484,17.98592185974121
2021-01-27,7.765200614929199,51.553253173828125,17.98592185974121
2021-01-28,7.867225170135498,52.651363372802734,18.71172523498535
2021-01-29,7.563984394073486,50.830814361572266,18.043222427368164
2021-02-01,7.802043914794922,52.74961853027344,18.5241641998291
2021-02-02,8.122285842895508,50.663211822509766,18.129215240478516
2021-02-03,8.201640129089355,52.264137268066406,18.040037155151367
2021-02-04,8.16762924194336,51.60527420043945,17.963598251342773
2021-02-05,8.173298835754395,53.5703125,17.88715171813965
2021-02-08,7.966416358947754,54.333194732666016,17.555912017822266
2021-02-09,7.804878234863281,54.471920013427734,17.766136169433594
2021-02-10,7.878563404083252,54.73198699951172,17.63872528076172
2021-02-11,7.957914352416992,53.8072624206543,17.63872528076172
2021-02-12,8.059937477111816,54.26383590698242,17.683311462402344
2021-02-17,8.385851860046387,55.685604095458984,17.906265258789062
2021-02-18,8.295162200927734,56.29246139526367,17.778867721557617
2021-02-19,7.745363712310791,56.50630569458008,17.594141006469727
2021-02-22,6.1413092613220215,55.1076545715332,16.313753128051758
2021-02-23,6.818639278411865,56.03238296508789,17.358449935913086
2021-02-24,6.914997100830078,56.59878921508789,17.103641510009766
2021-02-25,6.572080135345459,55.315711975097656,16.568552017211914
2021-02-26,6.302848815917969,54.627952575683594,16.368030548095703
2021-03-01,6.23483419418335,56.96866989135742,15.877668380737305
2021-03-02,6.231998920440674,58.71984100341797,16.518667221069336
2021-03-03,6.005279064178467,57.99741744995117,16.55712890625
2021-03-04,6.29718017578125,57.136268615722656,17.076343536376953
2021-03-05,6.345360279083252,60.525630950927734,17.71092414855957
2021-03-08,5.979771137237549,60.19948196411133,17.146846771240234
2021-03-09,6.118638038635254,59.59550094604492,17.384017944335938
2021-03-10,6.33119010925293,58.67742156982422,17.512224197387695
2021-03-11,6.6004204750061035,60.21760177612305,17.53785514831543
2021-03-12,6.56641149520874,58.82843017578125,17.422481536865234
2021-03-15,6.702445983886719,58.47811508178711,17.627605438232422
2021-03-16,6.597586631774902,58.29087448120117,17.268646240234375
2021-03-17,6.824307918548584,59.13042449951172,17.941699981689453
2021-03-18,6.586249351501465,58.07948303222656,18.044252395629883
2021-03-19,6.801633834838867,57.245967864990234,18.08271598815918
2021-03-22,6.665602684020996,56.29771041870117,18.185272216796875
2021-03-23,6.46155309677124,54.999149322509766,17.723745346069336
2021-03-24,6.467222213745117,56.261478424072266,17.416074752807617
2021-03-25,6.574915409088135,55.83264923095703,17.723745346069336
2021-03-26,6.648598670959473,57.69895935058594,18.025985717773438
2021-03-29,6.753456115722656,59.178733825683594,18.019567489624023
2021-03-30,6.753456115722656,58.62910842895508,18.314971923828125
2021-03-31,6.829975605010986,59.17270278930664,17.96176528930664
2021-04-01,6.770461082458496,58.82238006591797,17.412410736083984
2021-04-05,6.8129730224609375,62.44630813598633,17.63728904724121
2021-04-06,6.807303428649902,61.636966705322266,17.431690216064453
2021-04-07,6.801633834838867,63.15298080444336,17.277484893798828
2021-04-08,6.716616153717041,63.116737365722656,17.14255142211914
2021-04-09,6.702445983886719,62.21075439453125,17.116846084594727
2021-04-12,6.770461082458496,62.45235061645508,17.540912628173828
2021-04-13,6.793133735656738,62.56107711791992,17.534494400024414
2021-04-14,6.900825500488281,64.626708984375,17.759374618530273
2021-04-15,6.763975143432617,65.35752868652344,17.759374618530273
2021-04-16,6.722964763641357,65.6353759765625,17.95854949951172
2021-04-19,7.112573623657227,65.067626953125,17.688695907592773
2021-04-20,6.977820873260498,64.11936950683594,17.59874725341797
2021-04-22,6.945596694946289,64.16163635253906,17.605165481567383
2021-04-23,6.939739227294922,65.22466278076172,17.688695907592773
2021-04-26,6.966104030609131,65.5749740600586,17.675844192504883
2021-04-27,6.766903877258301,66.51115417480469,17.40598487854004
2021-04-28,7.012973308563232,67.59833526611328,18.163476943969727
2021-04-29,6.919233322143555,67.61643981933594,17.590438842773438
2021-04-30,6.919233322143555,65.84676361083984,17.725656509399414
2021-05-03,6.8635759353637695,65.50852966308594,17.973674774169922
2021-05-04,6.705387115478516,66.49907684326172,17.207059860229492
2021-05-05,6.980748653411865,66.86749267578125,17.696659088134766
2021-05-06,6.88408088684082,69.48880767822266,17.58714485168457
2021-05-07,7.141866683959961,69.73041534423828,17.799734115600586
2021-05-10,7.235607147216797,69.27140045166016,18.063871383666992
2021-05-11,7.367429733276367,71.7054443359375,18.02520751953125
2021-05-12,7.259044170379639,69.05394744873047,17.761083602905273
2021-05-13,7.320559978485107,67.94261169433594,18.276464462280273
2021-05-14,7.704309463500977,66.77690887451172,18.682313919067383
2021-05-17,7.809770584106445,68.52847290039062,18.66943359375
2021-05-18,7.718957424163818,69.21703338623047,18.630781173706055
2021-05-19,7.660370826721191,67.7976303100586,18.766063690185547
2021-05-20,7.595921039581299,67.1091079711914,18.8691463470459
2021-05-21,7.601781368255615,66.07628631591797,18.959335327148438
2021-05-24,7.73067569732666,66.30580139160156,18.907793045043945
2021-05-25,7.5695600509643555,64.65692138671875,18.713394165039062
2021-05-26,7.642791748046875,66.55947875976562,18.97150993347168
2021-05-27,7.590065002441406,67.03661346435547,18.810182571411133
2021-05-28,7.906439781188965,67.39901733398438,19.119932174682617
2021-05-31,7.871286392211914,69.32574462890625,19.061853408813477
2021-06-01,7.994321823120117,68.3714370727539,19.75588607788086
2021-06-02,8.164226531982422,69.33781433105469,20.414417266845703
2021-06-04,8.34877872467041,68.19024658203125,20.84052276611328
2021-06-07,8.287261009216309,67.52584838867188,21.331192016601562
2021-06-08,8.395648002624512,66.39035034179688,21.182703018188477
2021-06-09,8.395648002624512,67.76744842529297,21.47322654724121
2021-06-10,8.401507377624512,67.54397583007812,21.39575958251953
2021-06-11,8.369280815124512,69.05998229980469,21.143962860107422
2021-06-14,8.422013282775879,68.68550872802734,21.072948455810547
2021-06-15,8.504034996032715,67.34465789794922,21.072948455810547
2021-06-16,8.536259651184082,65.3212890625,21.49259376525879
2021-06-17,8.240389823913574,63.96232604980469,21.240806579589844
2021-06-18,8.296051025390625,65.88904571533203,20.853437423706055
2021-06-21,8.480602264404297,66.505126953125,20.950279235839844
2021-06-22,8.524541854858398,67.28426361083984,20.67911720275879
2021-06-23,8.583128929138184,68.29291534423828,20.530622482299805
2021-06-24,8.685657501220703,68.38510131835938,20.537084579467773
2021-06-25,8.524541854858398,69.22891998291016,19.8850040435791
2021-06-28,8.509894371032715,68.1202621459961,19.65904426574707
2021-06-29,8.547977447509766,69.2966537475586,19.465354919433594
2021-06-30,8.621212005615234,69.75242614746094,19.23940086364746
2021-07-01,8.512824058532715,68.5390853881836,19.178024291992188
2021-07-02,8.547977447509766,69.95569610595703,19.384733200073242
2021-07-05,8.45130729675293,69.70316314697266,19.119897842407227
2021-07-06,8.10563850402832,70.07271575927734,19.087596893310547
2021-07-07,8.216954231262207,70.2759780883789,19.171566009521484
2021-07-08,8.052908897399902,70.00495910644531,18.91965675354004
2021-07-12,8.123215675354004,70.87339782714844,19.178024291992188
2021-07-13,8.173011779785156,71.29220581054688,19.29430389404297
2021-07-14,8.10563850402832,70.90420532226562,19.32013702392578
2021-07-15,7.932803153991699,71.12593078613281,19.087596893310547
2021-07-16,7.815627574920654,69.84481811523438,18.777555465698242
2021-07-19,7.686734199523926,69.08108520507812,18.667734146118164
2021-07-20,7.789264678955078,69.6600570678711,18.913198471069336
2021-07-21,7.897650718688965,70.46073913574219,18.99070930480957
2021-07-22,7.880075454711914,70.64551544189453,18.79692268371582
2021-07-23,7.8332037925720215,70.28829193115234,18.745254516601562
2021-07-26,8.047048568725586,71.81574249267578,19.074674606323242
2021-07-27,7.953310489654541,70.32524108886719,19.261999130249023
2021-07-28,8.117356300354004,72.24689483642578,19.888565063476562
2021-07-29,8.146649360656738,71.18135833740234,19.785215377807617
2021-07-30,7.883005619049072,66.98696899414062,19.572059631347656
2021-08-02,7.73653507232666,67.09169006347656,19.69161033630371
2021-08-03,7.865427494049072,69.37672424316406,19.88548469543457
2021-08-04,7.698451042175293,69.30281829833984,19.32969856262207
2021-08-05,8.304839134216309,67.18406677246094,19.38786506652832
2021-08-06,8.316554069519043,67.56593322753906,19.93073081970215
2021-08-09,8.257965087890625,67.14094543457031,20.163387298583984
2021-08-10,8.284332275390625,67.78765869140625,19.78209114074707
2021-08-11,8.398575782775879,67.30108642578125,20.00181770324707
2021-08-12,8.524541854858398,67.25797271728516,19.626989364624023
2021-08-13,8.5977783203125,66.70365142822266,19.891952514648438
2021-08-16,8.389788627624512,67.01161193847656,19.673965454101562
2021-08-17,8.38976001739502,65.9029541015625,19.602638244628906
2021-08-18,8.315269470214844,63.69181823730469,19.64155387878418
2021-08-19,8.26871109008789,60.05792236328125,19.38865089416504
2021-08-20,8.256294250488281,60.08256149291992,19.31732749938965
2021-08-23,8.3866605758667,59.25107192993164,19.524824142456055
2021-08-24,8.560474395751953,61.41292953491211,20.06952667236328
2021-08-25,8.607032775878906,61.283592224121094,20.09546661376953
2021-08-26,8.532540321350098,60.50137710571289,19.609121322631836
2021-08-27,8.842926025390625,62.01652145385742,19.946308135986328
2021-08-30,8.783953666687012,61.622344970703125,19.803659439086914
2021-08-31,8.439424514770508,60.77854919433594,20.063047409057617
2021-09-01,8.392865180969238,60.883243560791016,20.15062141418457
2021-09-02,8.256294250488281,60.69231414794922,19.42400550842285
2021-09-03,8.172492027282715,60.735435485839844,19.313720703125
2021-09-06,8.212839126586914,59.78076171875,19.560245513916016
2021-09-08,7.750363826751709,58.536617279052734,18.63250732421875
2021-09-09,7.91486930847168,58.32719421386719,18.879047393798828
2021-09-10,7.865208625793457,58.39494323730469,18.690893173217773
2021-09-13,8.141451835632324,58.36415481567383,18.924457550048828
2021-09-14,8.032816886901855,57.95149230957031,18.80768585205078
2021-09-15,8.172492027282715,56.50409698486328,18.502765655517578
2021-09-16,8.101101875305176,54.15744400024414,18.489791870117188
2021-09-17,7.737949848175049,53.061126708984375,18.048614501953125
2021-09-20,7.651040077209473,50.967010498046875,17.63990592956543
2021-09-21,7.824857234954834,51.81081771850586,17.594493865966797
2021-09-22,8.023505210876465,53.652400970458984,18.003215789794922
2021-09-23,8.330787658691406,53.6505241394043,18.62602996826172
2021-09-24,8.349411964416504,52.82106018066406,18.36652183532715
2021-09-27,8.423905372619629,53.575740814208984,18.84661293029785
2021-09-28,8.368034362792969,50.89015197753906,18.41842269897461
2021-09-29,8.501500129699707,51.536048889160156,18.749284744262695
2021-09-30,8.451839447021484,51.835201263427734,18.76875114440918
2021-10-01,8.690836906433105,51.808006286621094,19.258832931518555
2021-10-04,8.936041831970215,51.32528305053711,15.799124717712402
2021-10-05,9.131587028503418,50.95813751220703,16.182086944580078
2021-10-06,8.889483451843262,52.39271545410156,16.234012603759766
2021-10-07,8.877070426940918,53.956478118896484,15.889994621276855
2021-10-08,9.038471221923828,54.28962326049805,16.006826400756836
2021-10-11,9.100549697875977,55.4930419921875,15.727718353271484
2021-10-13,9.196767807006836,53.847686767578125,15.747194290161133
2021-10-14,9.212288856506348,53.847686767578125,15.669300079345703
2021-10-15,9.187458038330078,54.853939056396484,16.07174301147461
2021-10-18,9.140898704528809,54.337223052978516,16.182086944580078
2021-10-19,8.69394302368164,53.71171188354492,15.799124717712402
2021-10-20,8.846031188964844,52.1275520324707,16.221040725708008
2021-10-21,8.520124435424805,51.10092544555664,15.889994621276855
2021-10-22,8.436320304870605,51.72642135620117,15.279836654663086
2021-10-25,9.013639450073242,52.3519172668457,15.578423500061035
2021-10-26,8.92673110961914,51.794403076171875,15.409653663635254
2021-10-27,8.905004501342773,50.618194580078125,15.526498794555664
2021-10-28,8.988807678222656,50.1082649230957,15.49404239654541
2021-10-29,8.427008628845215,48.687286376953125,15.130536079406738
2021-11-01,8.690836906433105,49.170013427734375,15.733132362365723
2021-11-03,8.333890914916992,45.43739700317383,15.882540702819824
2021-11-04,8.070063591003418,44.92067337036133,15.044564247131348
2021-11-05,8.023505210876465,43.58807373046875,14.862683296203613
2021-11-08,8.107309341430664,45.96091079711914,14.784727096557617
2021-11-09,8.26871109008789,44.8322868347168,14.635324478149414
2021-11-10,8.203531265258789,44.66230773925781,15.005594253540039
2021-11-11,8.209736824035645,46.23967361450195,14.973108291625977
2021-11-12,8.377346992492676,46.43684005737305,14.940632820129395
2021-11-16,8.464254379272461,45.09744644165039,14.784727096557617
2021-11-17,8.250085830688477,44.193180084228516,14.843193054199219
2021-11-18,8.237671852111816,42.377864837646484,14.596352577209473
2021-11-19,8.101101875305176,43.533687591552734,14.472922325134277
2021-11-22,8.181802749633789,45.95410919189453,14.5087890625
2021-11-23,8.62876033782959,47.1643180847168,14.752028465270996
2021-11-24,8.805682182312012,48.25895309448242,15.146458625793457
2021-11-25,9.19366455078125,47.93259811401367,15.284524917602539
2021-11-26,8.83672046661377,46.667991638183594,14.99525260925293
2021-11-29,9.147106170654297,47.25270462036133,14.89665412902832
2021-11-30,9.134692192077637,47.558658599853516,14.712584495544434
2021-12-01,9.187458038330078,47.74904251098633,14.618928909301758
2021-12-02,9.888466835021973,49.96548080444336,15.171578407287598
2021-12-03,10.027935981750488,48.86406326293945,15.118947982788086
2021-12-06,10.073265075683594,51.51565170288086,15.296587944030762
2021-12-07,10.237141609191895,51.896392822265625,15.105790138244629
2021-12-08,10.233656883239746,51.508853912353516,14.961039543151855
2021-12-09,10.212737083435059,51.11452102661133,14.55971908569336
2021-12-10,10.338257789611816,51.43407440185547,14.579451560974121
2021-12-13,10.275497436523438,52.9366340637207,14.19128131866455
2021-12-14,10.153460502624512,52.929832458496094,14.329442977905273
2021-12-15,10.21622085571289,52.63068771362305,14.283384323120117
2021-12-16,10.352204322814941,54.690765380859375,14.428129196166992
2021-12-17,10.108131408691406,53.82729721069336,14.11233139038086
2021-12-20,9.818733215332031,53.22218322753906,13.89521598815918
2021-12-21,9.832677841186523,54.62277603149414,13.914958000183105
2021-12-22,9.818733215332031,54.337223052978516,13.967594146728516
2021-12-23,9.878006935119629,53.81370162963867,14.039965629577637
2021-12-27,10.02444839477539,53.6777229309082,14.184700965881348
2021-12-28,10.034910202026367,52.38592529296875,14.132074356079102
2021-12-29,9.951229095458984,52.52189254760742,14.01364803314209
2021-12-30,9.91984748840332,53.004615783691406,13.783374786376953
2022-01-03,10.142999649047852,53.031822204589844,14.163735389709473
2022-01-04,10.181355476379395,52.40631103515625,14.565407752990723
2022-01-05,9.787352561950684,52.90262985229492,14.28885269165039
2022-01-06,9.780374526977539,53.97006607055664,14.578575134277344
2022-01-07,9.825705528259277,57.11119079589844,14.901223182678223
2022-01-10,9.76643180847168,56.43128967285156,15.039507865905762
2022-01-11,10.055830955505371,57.505531311035156,15.375328063964844
2022-01-12,10.362667083740234,58.13104248046875,15.309488296508789
2022-01-13,10.57187271118164,57.247169494628906,15.592631340026855
2022-01-14,10.9658784866333,57.580318450927734,15.474093437194824
2022-01-17,10.98331069946289,57.281166076660156,15.474093437194824
2022-01-18,11.032124519348145,58.68174743652344,15.566289901733398
2022-01-19,10.979823112487793,59.973541259765625,15.460930824279785
2022-01-20,11.060016632080078,58.95370864868164,15.335820198059082
2022-01-21,11.077451705932617,57.729896545410156,15.34241008758545
2022-01-24,11.140214920043945,57.02280044555664,15.322654724121094
2022-01-25,11.502840042114258,57.15198516845703,15.87576675415039
2022-01-26,11.809673309326172,57.31515121459961,16.04697608947754
2022-01-27,11.813163757324219,57.444339752197266,16.125986099243164
2022-01-28,11.34593391418457,56.88003158569336,16.32352638244629
2022-01-31,11.279685020446777,54.98311996459961,16.679096221923828
2022-02-01,11.506327629089355,58.00185012817383,16.79616355895996
2022-02-02,11.338961601257324,58.32819366455078,16.5325870513916
2022-02-03,11.18205738067627,58.30100631713867,16.723678588867188
2022-02-04,11.37731647491455,59.830780029296875,16.776395797729492
2022-02-07,11.209952354431152,61.27894592285156,16.684144973754883
2022-02-08,11.098374366760254,62.135616302490234,16.868642807006836
2022-02-09,11.140214920043945,62.14921569824219,16.1965389251709
2022-02-10,11.311065673828125,63.82175827026367,16.506235122680664
2022-02-11,11.771319389343262,62.52995300292969,17.481460571289062
2022-02-14,11.506327629089355,62.257999420166016,17.441919326782227
2022-02-15,11.325014114379883,60.408687591552734,17.606657028198242
2022-02-16,11.481918334960938,60.85061264038086,17.42214584350586
2022-02-17,11.436589241027832,58.2330207824707,17.178348541259766
2022-02-18,11.506327629089355,58.35539627075195,17.244230270385742
2022-02-21,11.802700996398926,58.402984619140625,16.822507858276367
2022-02-22,11.7643461227417,59.41603088378906,16.97657012939453
2022-02-23,11.93171215057373,58.79052734375,16.739225387573242
2022-02-24,11.64231014251709,59.51801681518555,16.45573616027832
2022-02-25,11.85500431060791,62.7407112121582,16.79196548461914
2022-03-02,12.088614463806152,67.75154113769531,16.513324737548828
2022-03-03,11.93868637084961,67.7855453491211,16.526519775390625
2022-03-04,11.935196876525879,69.32891082763672,16.275821685791016
2022-03-07,11.087912559509277,71.43657684326172,15.926159858703613
2022-03-08,11.318039894104004,68.3022689819336,15.774413108825684
2022-03-09,11.352907180786133,66.50135040283203,16.559505462646484
2022-03-10,11.750398635864258,68.6971206665039,16.572704315185547
2022-03-11,11.328500747680664,68.3370361328125,16.387971878051758
2022-03-14,11.112319946289062,64.67272186279297,16.618885040283203
2022-03-15,10.843840599060059,62.81585693359375,16.559505462646484
2022-03-16,10.7496976852417,64.34088897705078,16.882781982421875
2022-03-17,10.46378231048584,66.57902526855469,17.252235412597656
2022-03-18,10.672987937927246,67.84281921386719,17.37758445739746
2022-03-21,11.073965072631836,69.76321411132812,17.80641746520996
2022-03-22,11.025152206420898,68.202880859375,18.050518035888672
2022-03-23,11.17508316040039,68.09697723388672,17.971357345581055
2022-03-24,11.30409049987793,68.42176055908203,18.090105056762695
2022-03-25,11.262253761291504,67.23563385009766,18.123092651367188
2022-03-28,11.01817798614502,67.31329345703125,18.109895706176758
2022-03-29,11.262253761291504,66.73432922363281,18.321016311645508
2022-03-30,11.502840042114258,67.68748474121094,18.36060333251953
2022-03-31,11.663230895996094,67.49685668945312,18.129684448242188
2022-04-01,11.509811401367188,68.4570541381836,18.180957794189453
2022-04-04,11.401723861694336,69.14897918701172,18.015907287597656
2022-04-05,11.293632507324219,67.15089416503906,17.652816772460938
2022-04-06,11.283173561096191,68.1675796508789,17.646223068237305
2022-04-07,11.868948936462402,68.57709503173828,17.633018493652344
2022-04-08,11.92822551727295,67.17914581298828,17.600013732910156
2022-04-11,11.837568283081055,66.36720275878906,17.533985137939453
2022-04-12,11.802700996398926,65.92240142822266,17.223712921142578
2022-04-13,12.05374813079834,65.9435806274414,17.26991844177246
2022-04-14,11.927963256835938,65.01868438720703,17.38215446472168
2022-04-18,11.718165397644043,63.94550323486328,17.481182098388672
2022-04-19,12.072914123535156,61.905067443847656,17.1708984375
2022-04-20,12.130131721496582,60.295318603515625,17.283123016357422
2022-04-22,11.657133102416992,56.80043411254883,16.946455001831055
2022-04-25,11.485482215881348,55.83317947387695,16.88042640686035
2022-04-26,11.46640682220459,55.07065963745117,16.306081771850586
2022-04-27,11.46640682220459,58.01482391357422,16.174049377441406
2022-04-28,11.54269790649414,59.44807052612305,16.042020797729492
2022-04-29,11.55032730102539,58.80557632446289,15.75814437866211
2022-05-02,11.435892105102539,58.54434585571289,15.690526962280273
2022-05-03,11.538884162902832,58.247806549072266,15.769803047180176
2022-05-04,12.233123779296875,57.76064682006836,15.749984741210938
2022-05-05,12.210237503051758,56.71572494506836,15.386628150939941
2022-05-06,12.610761642456055,56.31327819824219,15.716948509216309
2022-05-09,12.267455101013184,54.00455093383789,15.492338180541992
2022-05-10,12.374260902404785,53.33382034301758,15.413053512573242
2022-05-11,12.805301666259766,55.557823181152344,15.928363800048828
2022-05-12,12.904478073120117,55.000064849853516,16.179412841796875
2022-05-13,13.072317123413086,54.93650436401367,16.371000289916992
2022-05-16,13.202009201049805,56.58157730102539,16.54277229309082
2022-05-17,13.030356407165527,56.34151077270508,16.688119888305664
2022-05-18,12.816742897033691,54.91533279418945,16.45028305053711
2022-05-19,13.034170150756836,56.37681579589844,16.39742660522461
2022-05-20,13.28592586517334,57.3723258972168,16.60222816467285
2022-05-23,13.808515548706055,58.54434585571289,17.031652450561523
2022-05-24,13.43252944946289,59.335105895996094,17.289310455322266
2022-05-25,13.623812675476074,59.51866912841797,16.978805541992188
2022-05-26,13.657824516296387,59.48337173461914,17.190214157104492
2022-05-27,13.007444381713867,60.521244049072266,17.28270149230957
2022-05-30,12.748147964477539,61.1778564453125,17.124143600463867
2022-05-31,12.77790355682373,60.8671989440918,17.28270149230957
2022-06-01,12.760902404785156,62.30043411254883,17.043155670166016
2022-06-02,12.650382041931152,63.47246551513672,17.11587142944336
2022-06-03,12.871421813964844,62.455780029296875,16.95720863342285
2022-06-06,12.879922866821289,62.51932144165039,16.8977108001709
2022-06-07,13.032953262329102,63.980812072753906,16.8977108001709
2022-06-08,12.96919059753418,61.77798843383789,16.573774337768555
2022-06-09,12.782156944274902,59.6881217956543,16.28950309753418
2022-06-10,12.603621482849121,59.702239990234375,15.93250846862793
2022-06-13,12.442091941833496,57.81007385253906,15.740788459777832
2022-06-14,12.582368850708008,57.69710922241211,15.635017395019531
2022-06-15,12.361326217651367,57.66180419921875,15.70112133026123
2022-06-17,11.608936309814453,54.65410614013672,15.502796173095703
2022-06-20,11.740710258483887,53.30556869506836,16.17711639404297
2022-06-21,11.506914138793945,53.65858840942383,16.005218505859375
2022-06-22,11.472909927368164,53.199668884277344,15.886224746704102
2022-06-23,11.260370254516602,51.258079528808594,15.522623062133789
2022-06-24,11.17535400390625,52.68426513671875,15.496185302734375
2022-06-27,11.89373779296875,55.10596466064453,15.588735580444336
2022-06-28,12.04251766204834,56.09439468383789,15.41684627532959
2022-06-29,11.936245918273926,55.6284294128418,15.258182525634766
2022-06-30,11.872486114501953,54.0539665222168,14.987137794494629
2022-07-01,12.127530097961426,53.023155212402344,15.117903709411621
2022-07-04,12.386828422546387,52.719566345214844,14.972341537475586
2022-07-05,11.914993286132812,52.458335876464844,15.078204154968262
2022-07-06,11.761963844299316,52.95255661010742,14.939269065856934
2022-07-07,12.106278419494629,54.4917106628418,15.150983810424805
2022-07-08,12.242302894592285,53.23496627807617,15.157601356506348
2022-07-11,12.182791709899902,51.42046356201172,14.912800788879395
2022-07-12,12.000007629394531,51.575801849365234,14.879717826843262
2022-07-13,12.00851058959961,51.39927673339844,14.820170402526855
2022-07-14,11.685449600219727,47.97501754760742,14.654781341552734
2022-07-15,11.885236740112305,48.27155303955078,14.91942310333252
2022-07-18,12.1572904586792,48.52572250366211,15.117903709411621
2022-07-19,12.403833389282227,48.63162612915039,15.627347946166992
2022-07-20,12.399585723876953,47.57963943481445,15.428860664367676
2022-07-21,12.335821151733398,48.41276168823242,15.554564476013184
2022-07-22,12.467594146728516,48.8646125793457,15.38916015625
2022-07-25,13.049956321716309,49.76834487915039,15.61410903930664
2022-07-26,13.181732177734375,49.67655944824219,15.528106689453125
2022-07-27,13.326258659362793,49.789520263671875,15.58103084564209
2022-07-28,13.72583293914795,49.909549713134766,15.68027114868164
2022-07-29,14.51648235321045,49.24587631225586,15.627347946166992
2022-08-01,14.316692352294922,48.066802978515625,15.539719581604004
2022-08-02,14.380456924438477,49.5988883972168,15.705245971679688
2022-08-03,14.388958930969238,47.671417236328125,15.817802429199219
2022-08-04,14.541987419128418,47.39606475830078,16.20182228088379
2022-08-05,14.822538375854492,48.010318756103516,16.506399154663086
2022-08-08,15.570680618286133,48.419822692871094,16.71164894104004
2022-08-09,15.825730323791504,49.422386169433594,17.148645401000977
2022-08-10,15.774718284606934,49.45769500732422,17.466453552246094
2022-08-11,15.409152030944824,51.18041229248047,17.492937088012695
2022-08-12,16.553430557250977,51.835445404052734,17.704816818237305
2022-08-15,16.558650970458984,50.72150802612305,17.857097625732422
2022-08-16,16.710041046142578,51.85030746459961,18.06235122680664
2022-08-17,17.1015567779541,50.669525146484375,18.108705520629883
2022-08-18,17.44609832763672,50.2907829284668,18.055734634399414
2022-08-19,16.563873291015625,49.726383209228516,17.839101791381836
2022-08-22,16.91884994506836,48.99860763549805,17.638216018676758
2022-08-23,17.45653533935547,52.139923095703125,17.685089111328125
2022-08-24,17.56093978881836,50.461585998535156,17.75874900817871
2022-08-25,17.373010635375977,51.44184875488281,17.9797306060791
2022-08-26,17.56093978881836,50.669525146484375,17.872583389282227
2022-08-29,17.99944305419922,49.68925476074219,17.812320709228516
2022-08-30,16.929288864135742,48.24855422973633,17.731969833374023
2022-08-31,17.34691047668457,47.89951705932617,17.283309936523438
2022-09-01,17.670564651489258,47.44651412963867,17.54977035522461
2022-09-02,17.44609832763672,46.72616958618164,17.791004180908203
2022-09-05,17.404333114624023,48.43421173095703,18.079143524169922
2022-09-06,16.757020950317383,47.28314208984375,17.911617279052734
2022-09-08,16.600412368774414,47.906944274902344,17.7842960357666
2022-09-09,16.595195770263672,51.649803161621094,17.925024032592773
2022-09-12,16.433364868164062,52.10280227661133,18.146154403686523
2022-09-13,16.000085830688477,50.68437194824219,17.958526611328125
2022-09-14,16.245433807373047,49.7560920715332,17.891521453857422
2022-09-15,16.214113235473633,50.758636474609375,17.93842315673828
2022-09-16,16.067951202392578,50.68437194824219,17.878116607666016
2022-09-19,16.323741912841797,52.325584411621094,18.548215866088867
2022-09-20,16.229778289794922,51.57552719116211,19.164695739746094
2022-09-21,16.27153968811035,50.8328971862793,18.963666915893555
2022-09-22,16.673500061035156,51.99882888793945,19.34562873840332
2022-09-23,15.629446029663086,50.92201614379883,18.963666915893555
2022-09-26,15.290131568908691,51.03341293334961,18.554914474487305
2022-09-27,15.48849868774414,50.27593231201172,18.44769859313965
2022-09-28,15.279688835144043,50.7512092590332,18.440990447998047
2022-09-29,15.300569534301758,50.81805419921875,18.71573829650879
2022-09-30,15.556364059448242,53.498939514160156,18.80284881591797
2022-10-03,16.798782348632812,54.95449447631836,19.947851181030273
2022-10-04,16.375946044921875,56.28379821777344,19.981372833251953
2022-10-05,16.991931915283203,57.152671813964844,19.981372833251953
2022-10-06,17.571380615234375,55.8679313659668,19.61929702758789
2022-10-07,17.55571937561035,56.075862884521484,19.659526824951172
2022-10-10,17.35735321044922,54.947059631347656,19.45168113708496
2022-10-11,17.22684669494629,54.57573699951172,19.317577362060547
2022-10-13,17.717548370361328,53.6029052734375,19.20359230041504
2022-10-14,17.44609832763672,51.857730865478516,19.210285186767578
2022-10-17,17.430435180664062,52.67462158203125,19.364505767822266
2022-10-18,17.858495712280273,53.43952560424805,19.8405704498291
2022-10-19,18.490144729614258,52.808292388916016,19.847278594970703
2022-10-20,19.03827476501465,53.48408126831055,20.15571403503418
2022-10-21,19.69080352783203,55.051025390625,20.826229095458984
2022-10-24,17.879377365112305,53.41725540161133,19.880802154541016
2022-10-25,17.50351905822754,53.41725540161133,19.719871520996094
2022-10-26,17.075458526611328,54.60545349121094,19.297454833984375
2022-10-27,17.205961227416992,52.659767150878906,19.652828216552734
2022-10-28,17.00237464904785,50.09027099609375,19.80704689025879
2022-10-31,15.561582565307617,49.85263442993164,20.383686065673828
2022-11-01,15.587685585021973,51.36758804321289,20.435779571533203
2022-11-03,15.63466739654541,49.86748123168945,20.288190841674805
2022-11-04,14.773323059082031,53.654884338378906,20.361984252929688
2022-11-07,14.172996520996094,53.3726921081543,19.899066925048828
2022-11-08,14.277399063110352,54.99162673950195,19.838680267333984
2022-11-09,14.042489051818848,54.3232536315918,18.88599967956543
2022-11-10,13.635309219360352,55.36293411254883,18.53041648864746
2022-11-11,14.089470863342285,61.11830520629883,17.933303833007812
2022-11-14,14.46010971069336,61.86834716796875,17.8796329498291
2022-11-16,14.172996520996094,61.22227478027344,17.624683380126953
2022-11-17,14.178215026855469,61.712398529052734,17.732038497924805
2022-11-18,13.938082695007324,60.026634216308594,17.872926712036133
2022-11-21,13.979846000671387,59.350852966308594,17.92659568786621
2022-11-22,13.029680252075195,59.514217376708984,17.631397247314453
2022-11-23,13.091118812561035,60.10090255737305,17.450260162353516
2022-11-24,13.543499946594238,60.48707962036133,18.074193954467773
2022-11-25,13.32568645477295,60.07862854003906,17.436838150024414
2022-11-28,13.60493278503418,60.375675201416016,17.121509552001953
2022-11-29,14.174598693847656,62.70752716064453,17.26911163330078
2022-11-30,14.889469146728516,63.65065383911133,17.44354248046875
2022-12-01,14.291882514953613,63.99970245361328,17.44196891784668
2022-12-02,14.470600128173828,64.46012115478516,17.67694664001465
2022-12-05,14.308635711669922,64.39330291748047,17.15999412536621
2022-12-06,14.319806098937988,65.32901763916016,17.55609893798828
2022-12-07,14.157842636108398,63.00457763671875,17.42854881286621
2022-12-08,13.83950138092041,63.776912689208984,16.81760597229004
2022-12-09,13.80040454864502,65.90082550048828,16.657522201538086
2022-12-12,13.353609085083008,63.932865142822266,16.500043869018555
2022-12-13,13.024097442626953,64.20262908935547,15.877022743225098
2022-12-14,11.990882873535156,64.74658203125,15.945480346679688
2022-12-15,12.309226036071777,64.9552230834961,16.03448486328125
2022-12-16,12.314809799194336,63.84495162963867,16.21249771118164
2022-12-19,12.499113082885742,63.61394500732422,16.69860076904297
2022-12-20,12.884471893310547,63.89710998535156,16.876615524291992
2022-12-21,13.16372013092041,64.2622299194336,16.945070266723633
2022-12-22,13.398289680480957,63.89710998535156,16.97930335998535
2022-12-23,14.029388427734375,64.32184600830078,17.246315002441406
2022-12-26,13.92885971069336,64.91050720214844,16.903993606567383
2022-12-27,14.023802757263184,66.46044921875,16.808141708374023
2022-12-28,13.850668907165527,66.31140899658203,17.15046501159668
2022-12-29,13.683121681213379,66.22944641113281,17.11623191833496
2023-01-02,12.800702095031738,66.6169204711914,16.77890968322754
2023-01-03,12.476775169372559,66.49769592285156,16.429492950439453
2023-01-04,12.87330436706543,66.6169204711914,16.477447509765625
2023-01-05,13.336854934692383,67.73465728759766,16.99129867553711
2023-01-06,13.258665084838867,68.80767059326172,17.28590202331543
2023-01-09,13.33127212524414,68.8822021484375,17.40922737121582
2023-01-10,13.45413875579834,69.73168182373047,17.744943618774414
2023-01-11,13.560253143310547,69.48577880859375,18.05325698852539
2023-01-12,13.75572395324707,69.85089111328125,17.799755096435547
2023-01-13,13.722216606140137,69.91050720214844,17.710683822631836
2023-01-16,13.426215171813965,68.7406234741211,17.518848419189453
2023-01-17,14.252786636352539,68.65119934082031,17.881977081298828
2023-01-18,14.001466751098633,69.55282592773438,18.203989028930664
2023-01-19,14.459430694580078,69.85089111328125,18.203989028930664
2023-01-20,14.727505683898926,70.03719329833984,17.881977081298828
2023-01-23,14.96207332611084,70.2681884765625,17.33386993408203
2023-01-24,14.855957984924316,71.01333618164062,17.49144744873047
2023-01-25,15.04585075378418,71.6839828491211,17.553112030029297
2023-01-26,14.660490036010742,73.0252685546875,17.450342178344727
2023-01-27,14.308635711669922,71.02824401855469,17.080364227294922
2023-01-30,14.381239891052246,70.77488708496094,17.087217330932617
2023-01-31,14.559957504272461,70.42467498779297,17.35441780090332
2023-02-01,14.35890007019043,69.64225006103516,17.126550674438477
2023-02-02,13.694291114807129,66.42317962646484,17.28424835205078
2023-02-03,13.845088005065918,66.28160095214844,17.222543716430664
2023-02-06,14.397994995117188,65.45448303222656,17.229400634765625
2023-02-07,14.308635711669922,65.88666534423828,16.831745147705078
2023-02-08,14.548789978027344,66.11022186279297,18.223527908325195
2023-02-09,14.481765747070312,65.86431121826172,17.771026611328125
2023-02-10,14.922982215881348,64.67951202392578,17.68875503540039
2023-02-13,14.967660903930664,64.61245727539062,18.312664031982422
2023-02-14,14.911808967590332,64.9030532836914,18.086400985717773
2023-02-15,14.934147834777832,66.31886291503906,18.353805541992188
2023-02-16,14.995585441589355,66.46044921875,18.490924835205078
2023-02-17,14.766602516174316,65.59605407714844,18.429214477539062
2023-02-22,14.386822700500488,65.09680938720703,18.086400985717773
2023-02-23,14.82803726196289,64.7912826538086,18.15497398376465
2023-02-24,14.465015411376953,63.3680419921875,17.599634170532227
2023-02-27,14.604640007019043,63.3680419921875,17.373380661010742
2023-02-28,14.096406936645508,63.57668685913086,17.435091018676758
2023-03-01,14.129918098449707,66.4678955078125,17.152170181274414
2023-03-02,13.761310577392578,66.31886291503906,16.58958625793457
2023-03-03,14.353316307067871,66.54241180419922,16.61016845703125
2023-03-06,14.498523712158203,64.19517517089844,16.98750877380371
2023-03-07,14.018218994140625,63.584136962890625,17.03553009033203
2023-03-08,14.19693660736084,64.16535949707031,17.24822235107422
2023-03-09,14.135501861572266,63.323333740234375,16.91889762878418
2023-03-10,13.951200485229492,63.114688873291016,16.514114379882812
2023-03-13,13.509988784790039,63.37549591064453,16.315149307250977
2023-03-14,13.269835472106934,63.95246887207031,16.26026153564453
2023-03-15,13.035266876220703,62.025814056396484,16.219091415405273
2023-03-16,12.990588188171387,62.2542724609375,16.486669540405273
2023-03-17,13.130212783813477,63.00056076049805,16.01326560974121
2023-03-20,12.806283950805664,63.51839065551758,16.05443572998047
2023-03-21,13.06877613067627,62.98533248901367,16.383758544921875
2023-03-22,13.029680252075195,62.20097351074219,16.287708282470703
2023-03-23,12.73367691040039,60.60176467895508,15.882909774780273
2023-03-24,12.728096961975098,59.908782958984375,16.11330223083496
2023-03-27,12.945911407470703,59.80978012084961,16.390878677368164
2023-03-28,13.17489242553711,60.44184494018555,16.46721076965332
2023-03-29,13.348026275634766,61.30997848510742,16.626813888549805
2023-03-30,13.387120246887207,62.30757522583008,17.084815979003906
2023-03-31,13.096705436706543,61.14244842529297,17.168092727661133
2023-04-03,13.677536010742188,61.15768051147461,16.687299728393555
2023-04-04,13.554666519165039,59.42903137207031,17.02062225341797
2023-04-05,13.599349021911621,58.55327606201172,17.00673484802246
2023-04-06,13.403870582580566,58.44667434692383,16.951187133789062
2023-04-10,13.688706398010254,59.5737190246582,17.13173484802246
2023-04-11,14.330976486206055,62.71879196166992,17.68729019165039
2023-04-12,14.437090873718262,61.37850570678711,17.805339813232422
2023-04-13,14.537616729736328,60.54846954345703,17.805339813232422
2023-04-14,14.688411712646484,60.01540756225586,18.06228256225586
2023-04-17,14.917393684387207,59.29956817626953,18.027557373046875
2023-04-18,15.297171592712402,59.80978012084961,18.013671875
2023-04-19,14.80569839477539,58.0659065246582,17.728952407836914
2023-04-20,14.90622615814209,56.8551025390625,17.777557373046875
2023-04-24,15.191059112548828,54.79898452758789,17.61784553527832
2023-04-25,15.129621505737305,53.30640411376953,17.777557373046875
2023-04-26,14.939733505249023,53.51201629638672,17.597007751464844
2023-04-27,14.576711654663086,54.64667892456055,17.909502029418945
2023-04-28,14.910255432128906,55.134056091308594,17.99978256225586
2023-05-02,14.306291580200195,52.95610809326172,17.303247451782227
2023-05-03,14.255960464477539,52.54488754272461,17.275440216064453
2023-05-04,14.482449531555176,50.91522979736328,17.414426803588867
2023-05-05,15.098984718322754,52.57534408569336,18.060686111450195
2023-05-08,15.419841766357422,53.283565521240234,18.31085777282715
2023-05-09,15.470170974731445,53.83185577392578,18.42204475402832
2023-05-10,15.432425498962402,52.819034576416016,18.69305419921875
2023-05-11,15.998637199401855,51.79098129272461,18.873729705810547
2023-05-12,16.514522552490234,51.84428787231445,18.70001220703125
2023-05-15,16.14333724975586,52.590572357177734,18.76949691772461
2023-05-16,16.545974731445312,51.50922393798828,18.70695686340332
2023-05-17,16.14333724975586,53.21501922607422,18.894580841064453
2023-05-18,16.23770523071289,53.29117965698242,18.825090408325195
2023-05-19,16.212541580200195,52.70479965209961,18.672204971313477
2023-05-22,16.11817169189453,51.85951614379883,18.317800521850586
2023-05-23,16.514522552490234,50.686771392822266,18.4637451171875
2023-05-24,16.766172409057617,49.53688430786133,18.359500885009766
2023-05-25,16.640344619750977,49.38457107543945,18.936269760131836
2023-05-26,16.86054039001465,50.511634826660156,18.790342330932617
2023-05-29,16.791336059570312,50.13086700439453,18.70695686340332
2023-05-30,16.602596282958984,48.95051193237305,18.442882537841797
2023-05-31,16.4327335357666,48.592594146728516,18.296953201293945
2023-06-01,16.96119499206543,49.62065505981445,18.566518783569336
2023-06-02,17.099605560302734,51.7376823425293,18.837717056274414
2023-06-05,17.28204917907715,51.311222076416016,18.87944793701172
2023-06-06,17.646942138671875,51.478755950927734,19.01156234741211
2023-06-07,18.162826538085938,52.293582916259766,19.067195892333984
2023-06-09,19.049894332885742,52.05751037597656,19.33143424987793
2023-06-12,19.38332748413086,51.11323165893555,19.122819900512695
2023-06-13,19.345504760742188,51.653907775878906,19.33839225769043
2023-06-14,20.17670440673828,52.56011199951172,19.60263442993164
2023-06-15,19.700777053833008,52.97134017944336,19.85991859436035
2023-06-16,19.868358612060547,53.05510711669922,19.922494888305664
2023-06-19,20.391206741333008,52.8494987487793,20.19369888305664
2023-06-20,20.491756439208984,51.486366271972656,20.184083938598633
2023-06-21,21.349767684936523,50.96854782104492,20.380592346191406
2023-06-22,21.08164405822754,50.69438934326172,20.184083938598633
2023-06-23,20.216922760009766,50.18417739868164,20.120914459228516
2023-06-26,20.672746658325195,50.29078674316406,20.092851638793945
2023-06-27,20.511863708496094,50.892391204833984,19.868268966674805
2023-06-28,20.706260681152344,49.28558349609375,19.75598907470703
2023-06-29,20.800106048583984,49.887184143066406,19.994598388671875
2023-06-30,19.794618606567383,48.90481948852539,19.945466995239258
2023-07-03,20.163297653198242,50.43547439575195,20.337080001831055
2023-07-04,20.210220336914062,50.18417739868164,20.21067237854004
2023-07-05,20.18341064453125,49.74249267578125,20.386228561401367
2023-07-06,19.875059127807617,49.38457107543945,20.08426856994629
2023-07-07,19.77450942993164,49.84910583496094,20.463476181030273
2023-07-10,19.808025360107422,49.08758544921875,20.33005714416504
2023-07-11,19.539897918701172,50.702003479003906,19.97189712524414
2023-07-12,19.55330467224121,51.0599250793457,19.852535247802734
2023-07-13,19.861652374267578,52.24789047241211,20.070222854614258
2023-07-14,19.47286605834961,52.24789047241211,19.85955238342285
2023-07-17,19.432645797729492,51.66913986206055,20.24578285217285
2023-07-18,19.325397491455078,51.34168243408203,19.852535247802734
2023-07-19,19.506383895874023,51.20460891723633,19.64185333251953
2023-07-20,19.5264892578125,51.3188362121582,20.007022857666016
2023-07-21,19.895172119140625,51.63106155395508,20.36516571044922
2023-07-24,20.310766220092773,53.19217300415039,20.042137145996094
2023-07-25,20.779993057250977,54.83706283569336,20.08426856994629
2023-07-26,20.779993057250977,54.64667892456055,20.196626663208008
2023-07-27,19.700777053833008,53.626243591308594,19.7471866607666
2023-07-28,19.94879913330078,51.50160217285156,20.042137145996094
2023-07-31,20.85373306274414,52.666725158691406,20.112354278564453
2023-08-01,20.511863708496094,51.935665130615234,20.1739444732666
2023-08-02,20.46494483947754,51.09038162231445,20.11071014404297
2023-08-03,20.72637176513672,51.410221099853516,19.956119537353516
2023-08-04,20.10967254638672,51.44829177856445,19.59072494506836
2023-08-07,20.237035751342773,51.70721435546875,19.436134338378906
2023-08-08,20.25714111328125,51.37213897705078,19.393970489501953
2023-08-09,20.41802215576172,50.907615661621094,19.32370376586914
2023-08-10,20.53197479248047,50.30601501464844,19.38694953918457
2023-08-11,20.485048294067383,49.887184143066406,19.422077178955078
2023-08-14,20.538677215576172,48.56018829345703,19.141002655029297
2023-08-15,20.68614959716797,48.08164596557617,19.035606384277344
2023-08-16,21.141971588134766,47.89336395263672,19.021549224853516
2023-08-17,21.07493782043457,48.568031311035156,18.796695709228516
2023-08-18,21.128562927246094,48.026737213134766,18.944255828857422
2023-08-21,20.981088638305664,48.08949279785156,18.86695671081543
2023-08-22,21.300710678100586,49.09364318847656,19.162092208862305
2023-08-23,22.43498420715332,49.45451354980469,19.401002883911133
2023-08-24,22.400190353393555,48.795536041259766,19.1761417388916
2023-08-25,22.24709701538086,48.69355392456055,18.873991012573242
2023-08-28,22.497615814208984,49.39175033569336,19.513425827026367
2023-08-29,22.54632568359375,50.96858596801758,19.822603225708008
2023-08-30,22.69941520690918,50.97643280029297,19.44315528869629
2023-08-31,22.226221084594727,51.05488204956055,19.274517059326172
2023-09-01,22.706377029418945,54.043800354003906,19.44161605834961
2023-09-04,22.46977996826172,54.44390106201172,19.26582908630371
2023-09-05,23.22132110595703,54.20854949951172,18.9775447845459
2023-09-06,23.325706481933594,53.33775329589844,18.794736862182617
2023-09-08,23.24220085144043,52.33360290527344,18.822856903076172
2023-09-11,23.22132110595703,53.08671569824219,19.300987243652344
2023-09-12,23.332660675048828,53.04749298095703,19.413494110107422
2023-09-13,22.984724044799805,52.84352493286133,19.511934280395508
2023-09-14,23.569259643554688,55.00873565673828,19.43458366394043
2023-09-15,23.583175659179688,54.55372619628906,19.392396926879883
2023-09-18,23.750186920166016,53.910438537597656,19.343175888061523
2023-09-19,23.805858612060547,54.01241683959961,19.28587532043457
2023-09-20,23.861530303955078,54.373287200927734,19.61251449584961
2023-09-21,23.49271583557129,52.9533576965332,19.1651554107666
2023-09-22,23.68059539794922,53.345603942871094,19.115449905395508
2023-09-25,23.83369255065918,52.247310638427734,19.172256469726562
2023-09-26,23.283950805664062,51.43143081665039,18.888225555419922
2023-09-27,24.02157974243164,51.541259765625,18.852720260620117
2023-09-28,23.97286605834961,52.32575988769531,19.349782943725586
2023-09-29,24.10508155822754,53.016117095947266,19.32138442993164
2023-10-02,23.743228912353516,52.553260803222656,19.14207649230957
2023-10-03,23.63884735107422,52.23161697387695,18.900495529174805
2023-10-04,22.69941520690918,51.67462921142578,19.333919525146484
2023-10-05,22.775962829589844,51.69816589355469,19.63945198059082
2023-10-06,23.318742752075195,52.45127487182617,19.824195861816406
2023-10-09,24.320804595947266,52.07471466064453,19.653661727905273
2023-10-10,24.501728057861328,52.38852310180664,19.632343292236328
2023-10-11,24.439102172851562,52.84352493286133,19.881038665771484
2023-10-13,25.24631690979004,52.239463806152344,19.674976348876953
2023-10-16,25.524669647216797,52.79645538330078,19.703399658203125
2023-10-17,26.213579177856445,53.227928161621094,19.412078857421875
2023-10-18,26.805072784423828,51.2745361328125,19.00707244873047
2023-10-19,26.6798152923584,50.537109375,19.22733497619629
2023-10-20,26.338838577270508,49.172096252441406,19.156278610229492
2023-10-23,24.599153518676758,49.07795715332031,19.17759895324707
2023-10-24,24.967967987060547,50.19978332519531,19.17759895324707
2023-10-25,25.100183486938477,50.1527099609375,19.213123321533203
2023-10-26,24.842708587646484,51.227474212646484,19.689193725585938
2023-10-27,24.66177749633789,53.008270263671875,19.397863388061523
2023-10-30,24.411266326904297,53.4868049621582,19.241552352905273
2023-10-31,24.174673080444336,54.130096435546875,19.056806564331055
2023-11-01,24.439102172851562,55.16563034057617,19.3253231048584
2023-11-03,24.73137092590332,55.855979919433594,19.85858154296875
2023-11-06,24.71048927307129,56.09133529663086,20.043447494506836
2023-11-07,24.299924850463867,54.97735595703125,20.605146408081055
2023-11-08,23.77802085876465,55.016571044921875,20.697580337524414
2023-11-09,24.272092819213867,55.283302307128906,20.79000473022461
2023-11-10,24.16075325012207,56.130558013916016,21.038867950439453
2023-11-13,24.835752487182617,56.012882232666016,20.89665985107422
2023-11-14,25.176727294921875,57.746620178222656,21.209503173828125
2023-11-16,24.738327026367188,58.13102340698242,21.55078887939453
2023-11-17,25.545541763305664,58.240848541259766,21.65033531188965
2023-11-20,25.566417694091797,59.66862869262695,21.863636016845703
2023-11-21,25.30198860168457,61.112098693847656,21.828079223632812
2023-11-22,25.425823211669922,60.53117752075195,21.963180541992188
2023-11-23,25.433053970336914,60.151084899902344,21.93474006652832
2023-11-24,25.505374908447266,59.641605377197266,21.813865661621094
2023-11-27,25.360736846923828,59.2857780456543,21.75698471069336
2023-11-28,25.74400520324707,59.41517639160156,21.97028350830078
2023-11-29,25.4764461517334,59.398990631103516,22.119600296020508
2023-11-30,25.968183517456055,59.72247314453125,22.46088409423828
2023-12-01,25.79462242126465,60.83039855957031,22.4094181060791
2023-12-04,25.245037078857422,59.46369171142578,22.437877655029297
2023-12-05,25.129331588745117,58.913780212402344,22.622835159301758
2023-12-06,24.225400924682617,58.525596618652344,22.42363929748535
2023-12-07,24.167551040649414,58.71160125732422,22.672624588012695
2023-12-08,24.941314697265625,58.87334060668945,22.95943832397461
2023-12-11,24.847309112548828,58.9218635559082,22.801692962646484
2023-12-12,24.644826889038086,59.02699661254883,22.68696403503418
2023-12-13,24.99916648864746,59.03507614135742,23.375314712524414
2023-12-14,25.541528701782227,59.35856628417969,23.568918228149414
2023-12-15,25.59937858581543,59.730560302734375,23.46854019165039
2023-12-18,25.917564392089844,60.01360321044922,23.58325958251953
2023-12-19,26.214052200317383,60.43413543701172,23.597597122192383
2023-12-20,26.308063507080078,60.24004364013672,23.35381317138672
2023-12-21,26.315292358398438,62.24562454223633,23.51156234741211
2023-12-22,26.568395614624023,61.776573181152344,23.884410858154297
2023-12-26,26.99505043029785,61.99492263793945,24.128198623657227
2023-12-27,27.016748428344727,62.59336853027344,24.29312515258789
2023-12-28,26.929969787597656,62.43162536621094,24.357656478881836
2024-01-02,27.32046890258789,62.31031799316406,24.0474910736084
2024-01-03,28.173782348632812,61.98683166503906,23.782041549682617
2024-01-04,27.93514060974121,61.15387725830078,23.624216079711914
2024-01-05,28.000228881835938,60.36943817138672,24.176624298095703
2024-01-08,27.790510177612305,60.0621223449707,23.918354034423828
2024-01-09,27.5518741607666,59.30195999145508,23.90400505065918
2024-01-10,27.29877281188965,58.412384033203125,23.882484436035156
2024-01-11,27.530181884765625,58.71968460083008,23.92552375793457
2024-01-12,27.60249137878418,57.975685119628906,23.954227447509766
2024-01-15,27.898984909057617,57.862464904785156,23.997268676757812
2024-01-16,27.5518741607666,57.110374450683594,23.660083770751953
2024-01-17,27.392784118652344,56.08332824707031,23.674436569213867
2024-01-18,27.28430938720703,55.80028533935547,23.57399559020996
2024-01-19,27.139680862426758,55.072452545166016,23.631391525268555
2024-01-22,27.262615203857422,54.82984924316406,23.24399185180664
2024-01-23,27.60249137878418,55.96202087402344,23.35160255432129
2024-01-24,27.392784118652344,56.52811813354492,23.24399185180664
2024-01-25,28.405189514160156,55.137142181396484,23.19377326965332
2024-01-26,28.896926879882812,56.204627990722656,23.538129806518555
2024-01-29,29.338043212890625,55.9377555847168,23.416170120239258
2024-01-30,29.15726089477539,55.62236404418945,23.26551055908203
2024-01-31,29.475444793701172,54.7974967956543,23.516599655151367
2024-02-01,30.061195373535156,54.54679489135742,23.464670181274414
2024-02-02,29.670690536499023,53.43887710571289,23.500564575195312
2024-02-05,29.800861358642578,52.97792434692383,23.945594787597656
2024-02-06,30.075653076171875,53.916015625,24.9720401763916
2024-02-07,30.51677703857422,54.02114486694336,24.792593002319336
2024-02-08,30.270906448364258,53.54401397705078,24.30449104309082
2024-02-09,29.86594581604004,53.30949020385742,24.613142013549805
2024-02-14,29.64177131652832,53.14774703979492,24.613142013549805
2024-02-15,30.589088439941406,52.97792434692383,24.821298599243164
2024-02-16,30.871112823486328,54.99158477783203,24.792593002319336
2024-02-19,31.022974014282227,54.57914733886719,25.065353393554688
2024-02-20,30.697555541992188,53.382266998291016,25.610876083374023
2024-02-21,30.740947723388672,53.786624908447266,25.46731948852539
2024-02-22,30.50954246520996,54.360801696777344,25.322853088378906
2024-02-23,30.29983139038086,54.49018478393555,25.39698600769043
2024-02-26,30.871112823486328,53.17201232910156,25.471113204956055
2024-02-27,30.827726364135742,54.5710563659668,25.78245735168457
2024-02-28,29.236804962158203,53.972618103027344,25.79728889465332
2024-02-29,29.027084350585938,54.1747932434082,25.159765243530273
2024-03-01,29.05601692199707,54.085838317871094,25.269277572631836
2024-03-04,28.983707427978516,53.96453857421875,25.076444625854492
2024-03-05,28.896926879882812,53.25287628173828,25.054189682006836
2024-03-06,29.533294677734375,53.98070526123047,25.328617095947266
2024-03-07,29.2078800201416,53.79471206665039,25.061609268188477
2024-03-08,26.53946876525879,53.382266998291016,25.291532516479492
2024-03-11,25.780166625976562,51.72443389892578,25.41761589050293
2024-03-12,26.626245498657227,51.402156829833984,25.521451950073242
2024-03-13,26.308063507080078,51.73165512084961,25.77362632751465
2024-03-14,26.19236183166504,51.07265853881836,25.75879669189453
2024-03-15,26.264671325683594,50.48969268798828,25.61786460876465
2024-03-18,26.279136657714844,51.452850341796875,25.721708297729492
2024-03-19,26.083887100219727,51.87528991699219,25.75879669189453
2024-03-20,26.53946876525879,52.221683502197266,25.810710906982422
2024-03-21,25.816322326660156,52.09495162963867,25.543703079223633
2024-03-22,26.069425582885742,51.495094299316406,25.1865234375
2024-03-25,26.4671573638916,51.385257720947266,25.1865234375
2024-03-26,26.221282958984375,50.734703063964844,25.686960220336914
2024-03-27,26.43099594116211,51.19938659667969,25.828880310058594
2024-03-28,27.016748428344727,51.39371109008789,25.873693466186523
2024-04-01,27.22646141052246,51.723209381103516,24.990110397338867
2024-04-02,27.927907943725586,52.33151626586914,25.02000617980957
2024-04-03,27.783279418945312,51.5795783996582,24.833173751831055
2024-04-04,27.46509552001953,51.005069732666016,24.504356384277344
2024-04-05,27.5518741607666,50.447444915771484,24.45952033996582
2024-04-08,27.93514060974121,53.20174026489258,24.82570457458496
2024-04-09,28.007450103759766,52.84688949584961,25.08725929260254
2024-04-10,28.62936019897461,52.04425811767578,24.55667495727539
2024-04-11,28.419649124145508,52.26393127441406,24.51183319091797
2024-04-12,28.159320831298828,52.06960678100586,24.257740020751953
2024-04-15,28.4268798828125,52.37376403808594,23.846725463867188
2024-04-16,28.557048797607422,51.90907669067383,23.6673641204834
2024-04-17,28.766754150390625,52.47514724731445,23.682321548461914
2024-04-18,28.817380905151367,52.66946792602539,23.712207794189453
2024-04-19,29.30912208557129,53.53124237060547,23.57769012451172
2024-04-22,30.01057243347168,53.50589370727539,23.562744140625
2024-04-23,29.952722549438477,53.04121017456055,23.913984298706055
2024-04-24,29.815324783325195,53.70021438598633,23.809358596801758
2024-04-25,30.531234741210938,52.568084716796875,23.67483901977539
2024-04-26,30.962427139282227,52.568084716796875,24.070919036865234
2024-04-29,31.334121704101562,53.98747253417969,23.88408851623535
2024-04-30,31.237483978271484,53.47209930419922,23.435701370239258
2024-05-02,31.35642433166504,54.00436782836914,23.777902603149414
2024-05-03,30.957536697387695,54.06351089477539,24.077001571655273
2024-05-06,31.16707992553711,54.224037170410156,24.22654151916504
2024-05-07,31.547359466552734,54.56198501586914,24.727527618408203
2024-05-08,32.02852249145508,54.06351089477539,24.884544372558594
2024-05-09,32.338951110839844,54.50284957885742,24.136812210083008
2024-05-10,32.26910400390625,54.31697463989258,24.41347312927246
2024-05-13,32.300140380859375,54.63801956176758,24.712568283081055
2024-05-14,31.718088150024414,54.60422897338867,24.981752395629883
2024-05-15,29.801191329956055,54.44370651245117,24.91445541381836
2024-05-16,28.931991577148438,54.840797424316406,24.83968162536621
2024-05-17,28.474102020263672,55.91378402709961,24.84716033935547
2024-05-20,28.520671844482422,55.88844680786133,24.772382736206055
2024-05-21,28.466344833374023,55.7279167175293,24.645267486572266
2024-05-22,28.85438346862793,55.2885856628418,24.26392936706543
2024-05-23,28.56723976135254,54.95907974243164,24.047088623046875
2024-05-24,28.41202163696289,54.98442840576172,23.815290451049805
2024-05-27,28.722450256347656,55.1702995300293,23.7330322265625
2024-05-28,29.33555030822754,53.97901916503906,23.605928421020508
2024-05-29,29.296741485595703,53.42985534667969,23.44142723083496
2024-05-31,30.103858947753906,53.396060943603516,23.2021484375
2024-06-03,29.940881729125977,52.272377014160156,23.529584884643555
2024-06-04,29.607177734375,51.74010467529297,23.61187744140625
2024-06-05,29.64597511291504,51.005069732666016,23.566987991333008
2024-06-06,29.78567123413086,51.71475601196289,23.866254806518555
2024-06-07,28.668123245239258,51.03886032104492,23.529584884643555
2024-06-10,29.10272789001465,51.596473693847656,23.342540740966797
2024-06-11,29.226898193359375,51.52043914794922,23.604389190673828
2024-06-12,28.590938568115234,50.81074523925781,23.566987991333008
2024-06-13,28.303592681884766,51.39371109008789,23.320100784301758
2024-06-14,27.681005477905273,51.21628189086914,23.297653198242188
2024-06-17,27.784774780273438,51.013511657714844,23.866254806518555
2024-06-18,28.654794692993164,51.25008010864258,23.851289749145508
2024-06-19,28.67873764038086,51.41060256958008,24.038326263427734
2024-06-20,29.133703231811523,51.87528991699219,23.87373161315918
2024-06-21,29.285356521606445,51.39371109008789,24.04038429260254
2024-06-24,29.580684661865234,51.452850341796875,24.387269973754883
2024-06-25,29.556739807128906,51.241634368896484,24.462678909301758
2024-06-26,29.604631423950195,51.87528991699219,24.417436599731445
2024-06-27,30.09950828552246,52.010467529296875,24.462678909301758
2024-06-28,30.37088394165039,52.568084716796875,24.44005584716797
2024-07-01,30.833839416503906,53.345367431640625,24.325103759765625
2024-07-02,30.738052368164062,53.16794204711914,24.642000198364258
2024-07-03,30.203269958496094,54.224037170410156,24.792896270751953
2024-07-04,29.788217544555664,53.95367431640625,24.830623626708984
2024-07-05,29.947853088378906,53.734012603759766,24.84571647644043
2024-07-08,30.68217658996582,53.31157302856445,24.800437927246094
2024-07-09,30.674198150634766,53.243980407714844,24.973979949951172
2024-07-10,30.38685417175293,52.52583694458008,25.23805809020996
2024-07-11,30.59438133239746,52.390655517578125,25.388952255249023
2024-07-12,30.450706481933594,53.15949630737305,25.24559783935547
2024-07-15,30.730070114135742,53.2186393737793,25.34368133544922
2024-07-16,30.65025520324707,52.6610221862793,25.494585037231445
2024-07-17,30.80988883972168,52.17099380493164,25.77375030517578
2024-07-18,30.754016876220703,51.680965423583984,25.65302848815918
2024-07-19,30.881723403930664,51.63872146606445,25.849199295043945
2024-07-22,30.267127990722656,51.5795783996582,25.834110260009766
2024-07-23,29.876014709472656,50.886783599853516,25.7963809967041
2024-07-24,30.115468978881836,51.19938659667969,25.75865936279297
2024-07-25,30.075563430786133,51.17403793334961,25.645483016967773
2024-07-26,30.043630599975586,51.93442916870117,25.834110260009766
2024-07-29,29.4370174407959,52.027366638183594,26.022729873657227
2024-07-30,29.253429412841797,50.87833786010742,25.924646377563477
2024-07-31,29.860050201416016,52.06960678100586,25.562490463256836
2024-08-01,29.40508460998535,50.90367889404297,25.190813064575195
2024-08-02,28.519105911254883,50.19398498535156,24.873760223388672
2024-08-05,28.495159149169922,49.934593200683594,24.873760223388672
2024-08-06,28.99003028869629,50.18855667114258,25.424835205078125
2024-08-07,28.950124740600586,50.09222412109375,25.49277114868164
2024-08-08,29.413066864013672,49.78571701049805,25.402185440063477
2024-08-09,29.14168357849121,49.96961975097656,26.08914566040039
2024-08-12,29.804174423217773,49.71565628051758,26.126882553100586
2024-08-13,29.620594024658203,49.49672317504883,26.866680145263672
2024-08-14,30.139415740966797,49.04133987426758,27.530988693237305
2024-08-15,30.60236358642578,49.24276351928711,27.968830108642578
2024-08-16,30.730070114135742,49.11140060424805,27.734813690185547
2024-08-19,30.68217658996582,49.89956283569336,27.900896072387695
2024-08-20,30.562454223632812,50.09222412109375,28.104707717895508
2024-08-21,30.37887191772461,51.05553436279297,27.991474151611328
2024-08-22,30.4717960357666,51.1255989074707,27.734813690185547
2024-08-23,30.282989501953125,50.267372131347656,27.523441314697266
2024-08-26,32.483001708984375,50.83660125732422,27.583829879760742
2024-08-27,32.04792785644531,52.369144439697266,27.614023208618164
2024-08-28,32.50762939453125,51.992576599121094,28.21039581298828
2024-08-29,32.285987854003906,51.931278228759766,27.900896072387695
2024-08-30,32.31882095336914,52.176483154296875,27.70461654663086
2024-09-02,32.01509094238281,51.44086456298828,27.483814239501953
2024-09-03,31.62926483154297,49.52299499511719,27.929412841796875
2024-09-04,31.637474060058594,49.908321380615234,28.12578582763672
2024-09-05,31.440452575683594,50.267372131347656,28.307050704956055
2024-09-06,30.824787139892578,49.6368408203125,27.906755447387695
2024-09-09,31.161354064941406,49.6368408203125,28.178646087646484
2024-09-10,30.644187927246094,49.04133987426758,28.178646087646484
2024-09-11,30.61134910583496,50.43376159667969,28.23151969909668
2024-09-12,30.26657485961914,50.88914489746094,27.92186737060547
2024-09-13,30.127017974853516,51.230682373046875,27.952072143554688
2024-09-16,30.545677185058594,51.230682373046875,27.94451904296875
2024-09-17,30.406126022338867,50.985477447509766,27.876548767089844
2024-09-18,29.675527572631836,50.389976501464844,27.71794319152832
2024-09-19,29.77403450012207,50.99423599243164,27.642419815063477
2024-09-20,29.76582145690918,50.22358322143555,27.340314865112305
2024-09-23,30.06955909729004,50.38121795654297,27.18052101135254
2024-09-24,30.19269561767578,52.842044830322266,27.17291259765625
2024-09-25,30.414329528808594,53.0784912109375,27.515329360961914
2024-09-26,29.757612228393555,56.266178131103516,27.865358352661133
2024-09-27,29.64269256591797,56.01221466064453,27.971887588500977
2024-09-30,29.560590744018555,55.61812973022461,27.477283477783203
2024-10-01,30.348661422729492,55.889610290527344,27.026329040527344
2024-10-02,30.767314910888672,56.19612121582031,27.193811416625977
2024-10-03,31.14493179321289,55.118961334228516,26.523862838745117
2024-10-04,31.06284523010254,54.716121673583984,26.577150344848633
2024-10-07,31.497922897338867,55.197776794433594,26.752256393432617
2024-10-08,30.865825653076172,53.52511215209961,26.912128448486328
2024-10-09,30.55388832092285,53.38500213623047,26.41727638244629
2024-10-10,30.90687370300293,53.63896560668945,26.561925888061523
2024-10-11,30.88224983215332,54.40961456298828,26.36398696899414
2024-10-14,30.95612907409668,54.23446273803711,26.531475067138672
2024-10-15,30.701648712158203,53.568904876708984,26.835996627807617
2024-10-16,30.545677185058594,54.59352111816406,26.67612648010254
2024-10-17,30.315828323364258,53.2098503112793,26.729413986206055
2024-10-18,30.233741760253906,53.02594757080078,26.858837127685547
2024-10-21,29.757612228393555,52.83328628540039,26.721799850463867
2024-10-22,29.64269256591797,52.90334701538086,26.76748275756836
2024-10-23,29.27328109741211,51.975059509277344,26.934967041015625
2024-10-24,29.470300674438477,52.28157043457031,27.178586959838867
2024-10-25,29.675527572631836,54.05931854248047,26.874061584472656
2024-10-28,29.626272201538086,55.06642150878906,27.201419830322266
2024-10-29,29.560590744018555,54.873756408691406,26.912128448486328
2024-10-30,29.429250717163086,54.707366943359375,26.835996627807617
2024-10-31,29.478506088256836,54.34831619262695,26.660892486572266
2024-11-01,29.07626724243164,54.32203674316406,26.514385223388672
2024-11-04,29.141939163208008,54.88250732421875,26.87238311767578
2024-11-05,29.05164337158203,54.400856018066406,27.679767608642578
2024-11-06,29.059850692749023,53.787837982177734,27.550283432006836
2024-11-07,29.150144577026367,55.661922454833984,27.14658546447754
2024-11-08,29.700153350830078,53.09600830078125,26.72004508972168
2024-11-11,29.757612228393555,51.36204528808594,26.750511169433594
2024-11-12,30.315828323364258,50.19731521606445,26.43059730529785
2024-11-13,30.274784088134766,50.057193756103516,26.293495178222656
2024-11-14,30.594932556152344,49.77696228027344,26.21732521057129
2024-11-18,31.35836410522461,50.39873123168945,26.125925064086914
2024-11-19,31.03000831604004,50.51258087158203,26.362043380737305
2024-11-21,31.120309829711914,50.46003341674805,25.9050350189209
2024-11-22,32.35986328125,50.95044708251953,25.98120880126953
2024-11-25,32.16284942626953,50.94169235229492,25.973587036132812
2024-11-26,32.121803283691406,50.29364776611328,26.468685150146484
2024-11-27,32.00688171386719,50.90666580200195,25.821250915527344
2024-11-28,31.678518295288086,50.38121795654297,24.891986846923828
2024-11-29,31.933000564575195,51.47589111328125,24.831052780151367
2024-12-02,32.138221740722656,51.59849166870117,24.478696823120117
2024-12-03,32.425537109375,51.20441436767578,24.7530517578125
2024-12-04,32.220314025878906,50.20607376098633,24.905471801757812
2024-12-05,32.540462493896484,50.61766815185547,25.438940048217773
2024-12-06,32.03971481323242,49.75068664550781,24.920711517333984
2024-12-09,32.868831634521484,52.395416259765625,25.042648315429688
2024-12-10,32.9919548034668,52.34287643432617,25.38160514831543
2024-12-11,33.32032012939453,51.52843475341797,25.627803802490234
2024-12-12,32.724334716796875,50.10637664794922,24.989227294921875
2024-12-13,32.51948547363281,49.35536193847656,24.666088104248047
2024-12-16,32.3829231262207,49.328853607177734,24.396804809570312
2024-12-17,32.6901969909668,49.57624816894531,24.527599334716797
2024-12-18,31.845197677612305,48.42762756347656,23.827470779418945
2024-12-19,31.717174530029297,47.50872802734375,23.958263397216797
2024-12-20,31.45257568359375,48.25975036621094,24.23523712158203
2024-12-23,31.46111297607422,48.46296691894531,23.765920639038086
2024-12-26,31.697616577148438,48.60433578491211,23.919795989990234
2024-12-27,31.600139617919922,48.36578369140625,23.681289672851562
2024-12-30,32.06979751586914,48.19790267944336,23.642822265625
2025-01-02,32.58376693725586,47.932838439941406,23.533241271972656
2025-01-03,32.2381706237793,47.04044723510742,22.95587730407715
2025-01-06,32.0875244140625,46.439632415771484,23.9874267578125
2025-01-07,32.76986312866211,45.989017486572266,24.249164581298828
2025-01-08,32.50402069091797,45.547237396240234,23.85655975341797
2025-01-09,32.64579772949219,45.26449966430664,23.91814613342285
2025-01-10,32.734413146972656,45.52073287963867,23.587127685546875
2025-01-13,32.849609375,45.51189422607422,23.756484985351562
2025-01-14,32.62807846069336,45.81230163574219,23.771879196166992
2025-01-15,33.0445671081543,46.474971771240234,24.80343246459961
2025-01-16,32.83189010620117,46.53681945800781,24.72645378112793
2025-01-17,32.964813232421875,48.14488983154297,24.90350914001465
2025-01-20,33.0445671081543,47.96818161010742,25.142147064208984
2025-01-21,33.05342483520508,47.729618072509766,25.196041107177734
2025-01-22,32.86733627319336,46.527984619140625,25.103660583496094
2025-01-23,32.63693618774414,46.22757339477539,25.049772262573242
2025-01-24,32.46856689453125,46.85490036010742,24.98818588256836
2025-01-27,32.94709014892578,47.67660140991211,25.588645935058594
2025-01-28,32.90278625488281,46.51914978027344,25.63483428955078
2025-01-29,32.698970794677734,46.65168380737305,25.573253631591797
2025-01-30,33.133182525634766,48.62200927734375,26.196796417236328
2025-01-31,33.39902877807617,47.86214828491211,26.027437210083008
2025-02-03,33.23065948486328,47.89749526977539,25.7868595123291
2025-02-04,32.90278625488281,47.729618072509766,25.87928581237793
2025-02-05,32.66352081298828,47.9858512878418,26.272098541259766
2025-02-06,32.60149383544922,48.710365295410156,26.318313598632812
2025-02-07,32.415401458740234,48.44529724121094,26.12575912475586
2025-02-10,32.63693618774414,48.94892501831055,26.410736083984375
2025-02-11,32.63693618774414,48.73686981201172,26.688013076782227
2025-02-12,32.14955520629883,48.40995407104492,25.948604583740234
2025-02-13,32.185001373291016,48.471805572509766,26.087242126464844
2025-02-14,33.177486419677734,49.18748092651367,26.780439376831055
2025-02-17,33.38130187988281,48.92241668701172,26.83435821533203
2025-02-18,33.99274826049805,49.24933624267578,26.789466857910156
2025-02-19,34.06364059448242,49.20515060424805,26.539323806762695
2025-02-20,34.1168098449707,51.01644515991211,26.466699600219727
2025-02-21,34.01932907104492,51.38753128051758,26.386009216308594
2025-02-24,33.78007125854492,50.91925048828125,26.240768432617188
2025-02-25,33.62942886352539,50.42445755004883,26.50704574584961
2025-02-26,33.62942886352539,50.11521911621094,26.44249725341797
2025-02-27,32.44198226928711,49.74412155151367,26.418289184570312
2025-02-28,31.839399337768555,48.72803497314453,25.772756576538086
2025-03-05,30.67854118347168,49.116798400878906,26.158395767211914
2025-03-06,30.35952377319336,49.655765533447266,26.206832885742188
2025-03-07,30.68740463256836,50.38028335571289,26.31986427307129
2025-03-10,30.67854118347168,49.56492614746094,26.55399513244629
2025-03-11,30.21774673461914,49.9780387878418,26.31986427307129
2025-03-12,30.21774673461914,49.3537712097168,26.400602340698242
2025-03-13,30.51903533935547,50.03312301635742,26.828502655029297
2025-03-14,31.458358764648438,51.676414489746094,27.70044708251953
2025-03-17,32.043216705322266,52.42002487182617,28.532024383544922
2025-03-18,32.06979751586914,52.80560302734375,28.685420989990234
2025-03-19,32.043216705322266,52.71379852294922,28.756471633911133
2025-03-20,32.11410903930664,52.548553466796875,28.49004364013672
2025-03-21,32.6103515625,52.741336822509766,28.55221176147461
2025-03-24,32.566043853759766,52.4659309387207,28.578855514526367
2025-03-25,32.82303237915039,52.64035415649414,28.809757232666016
2025-03-26,33.133182525634766,52.961666107177734,28.498920440673828
2025-03-27,33.38130187988281,53.383968353271484,28.534446716308594
2025-03-28,33.16862869262695,52.842323303222656,28.143688201904297
2025-03-31,32.92936706542969,52.05281066894531,27.89501953125
2025-04-01,33.05342483520508,52.502647399902344,27.901813507080078
2025-04-02,32.964813232421875,52.26395797729492,27.910703659057617
2025-04-03,31.90142822265625,50.372798919677734,28.40831756591797
2025-04-04,30.616512298583984,48.3622932434082,27.6707820892334
2025-04-07,29.402484893798828,47.78392791748047,27.72410011291504
2025-04-08,28.356828689575195,45.16751480102539,27.73298454284668
2025-04-09,29.508825302124023,47.600318908691406,28.239486694335938
2025-04-10,27.674489974975586,48.45409393310547,28.123966217041016
2025-04-11,28.223905563354492,49.26197052001953,28.266141891479492
2025-04-14,28.11756706237793,49.904598236083984,28.72821044921875
2025-04-15,27.470678329467773,49.39967727661133,29.092529296875
2025-04-16,27.470678329467773,48.25212860107422,29.04810333251953
2025-04-17,28.013818740844727,48.545902252197266,29.10141944885254
2025-04-22,28.077383041381836,49.40885925292969,29.67011833190918
2025-04-23,27.75956153869629,49.996402740478516,30.29213523864746
2025-04-24,27.632431030273438,50.776737213134766,30.878610610961914
2025-04-25,27.714157104492188,49.43639373779297,30.763090133666992
2025-04-28,27.60519027709961,49.6108283996582,31.091867446899414
2025-04-29,27.750478744506836,49.42721939086914,31.340667724609375
2025-04-30,27.232881546020508,48.52754211425781,31.616140365600586
2025-05-02,27.977495193481445,48.47245407104492,31.53403663635254
2025-05-05,26.93321990966797,48.61934280395508,30.973941802978516
2025-05-06,27.378171920776367,48.656063079833984,30.813919067382812
2025-05-07,27.50530242919922,48.56426239013672,31.151748657226562
2025-05-08,27.886688232421875,48.41737747192383,31.400686264038086
2025-05-09,28.068302154541016,48.610164642333984,33.09873962402344
2025-05-12,28.740270614624023,49.831153869628906,32.43196487426758
2025-05-13,29.1761417388916,50.64820861816406,32.83202362060547
2025-05-14,28.976367950439453,50.40034103393555,33.05428695678711
2025-05-15,28.940044403076172,50.9052619934082,33.498802185058594
2025-05-16,29.07625389099121,50.94198226928711,33.694393157958984
2025-05-19,29.039932250976562,50.80427932739258,34.09446334838867
2025-05-20,29.157981872558594,50.813453674316406,34.04999542236328
2025-05-21,28.831077575683594,50.16164779663086,33.36545181274414
2025-05-22,28.449691772460938,49.78525161743164,33.13430404663086
2025-05-23,28.513254165649414,49.86787414550781,33.534366607666016
2025-05-26,28.422447204589844,49.583282470703125,33.60548400878906
2025-05-27,28.631303787231445,49.42721939086914,33.872196197509766
2025-05-28,28.540496826171875,49.0324592590332,33.596595764160156
2025-05-29,28.367965698242188,49.069183349609375,33.32988739013672
2025-05-30,28.059221267700195,47.829830169677734,33.27653884887695
2025-06-02,28.222671508789062,48.25212860107422,33.04319763183594
2025-06-03,28.231246948242188,48.22458267211914,32.93645477294922
2025-06-04,27.45484161376953,48.444915771484375,32.856414794921875
2025-06-05,27.464197158813477,48.57344055175781,32.456153869628906
2025-06-06,27.754180908203125,48.63770294189453,32.53620910644531
2025-06-09,27.286462783813477,48.92229461669922,32.36721420288086
2025-06-10,28.109642028808594,49.25279235839844,32.31703186035156
2025-06-11,29.04507064819336,48.821311950683594,32.61326217651367
2025-06-12,29.699871063232422,48.5,32.8646240234375
2025-06-13,30.429506301879883,47.85737228393555,32.469642639160156
2025-06-16,30.130168914794922,49.41803741455078,33.062110900878906
2025-06-17,30.813030242919922,47.19638442993164,33.25960922241211
2025-06-18,30.784969329833984,47.04031753540039,33.062110900878906
2025-06-20,30.700780868530273,45.8285026550293,32.89155197143555
2025-06-23,29.93372917175293,46.40686798095703,32.81973648071289
2025-06-24,29.344409942626953,46.39768981933594,33.43914794921875
2025-06-25,29.194738388061523,46.34260559082031,32.83769607543945
2025-06-26,29.42859649658203,47.7380256652832,32.59531784057617
2025-06-27,29.194738388061523,48.53671646118164,32.559410095214844
2025-06-30,29.353761672973633,48.33475112915039,33.16984176635742
2025-07-01,29.456661224365234,48.98655700683594,33.32040786743164
2025-07-02,29.980499267578125,50.76755142211914,33.050968170166016
2025-07-03,30.083398818969727,50.528865814208984,33.86826705932617
2025-07-04,30.04598045349121,50.675750732421875,33.886226654052734
2025-07-07,29.98985481262207,49.93213653564453,33.43716049194336
2025-07-08,30.42015266418457,50.106571197509766,33.3563346862793
2025-07-09,30.233064651489258,49.6108283996582,32.66477966308594
2025-07-10,30.158231735229492,50.74919128417969,31.658884048461914
2025-07-11,30.523048400878906,51.41018295288086,31.398418426513672
2025-07-14,30.120817184448242,50.82263946533203,31.34453773498535
2025-07-15,29.8869571685791,49.49148178100586,31.45231056213379
2025-07-16,29.737287521362305,49.941322326660156,31.604991912841797
2025-07-17,29.437950134277344,49.84951400756836,32.08100128173828
2025-07-18,28.98894500732422,50.08820724487305,31.49721908569336
2025-07-21,29.04507064819336,51.456085205078125,31.865449905395508
2025-07-22,29.325700759887695,52.78723907470703,31.434345245361328
2025-07-23,29.924375534057617,52.71379852294922,31.78461265563965
2025-07-24,29.87760353088379,51.8967399597168,31.488237380981445
2025-07-25,29.915021896362305,51.134769439697266,31.622957229614258
2025-07-28,29.952438354492188,50.63903045654297,30.958343505859375
2025-07-29,30.345317840576172,50.32689666748047,31.13796615600586
2025-07-30,30.654006958007812,49.42721939086914,31.49721908569336
2025-07-31,30.53240203857422,49.07836151123047,31.578052520751953
2025-08-01,30.130168914794922,49.3445930480957,31.387231826782227
2025-08-04,30.083398818969727,49.73935317993164,31.719703674316406
2025-08-05,30.223712921142578,49.67509078979492,32.070152282714844
2025-08-06,30.261127471923828,49.36295700073242,32.47451400756836
2025-08-07,30.429506301879883,49.72098922729492,33.04960250854492
2025-08-08,28.55864906311035,50.85017776489258,33.27424240112305
2025-08-11,28.736379623413086,50.79509735107422,33.48091506958008
2025-08-12,28.81121253967285,51.32755661010742,34.172821044921875
2025-08-13,28.596065521240234,51.39919662475586,33.84933090209961
2025-08-14,28.231246948242188,50.76252365112305,33.80439758300781
2025-08-15,28.221893310546875,50.66749954223633,33.68758773803711
2025-08-18,28.399625778198242,50.553470611572266,33.93020248413086
2025-08-19,28.10028839111328,50.59148025512695,32.9443244934082
2025-08-20,28.268665313720703,50.36341857910156,32.962467193603516
2025-08-21,28.334148406982422,50.79103469848633,32.99876022338867
2025-08-22,29.149137496948242,52.06437301635742,33.92420959472656
2025-08-25,29.321334838867188,52.187904357910156,33.751827239990234
2025-08-26,29.110872268676758,52.65353012084961,33.52500534057617
2025-08-27,29.330900192260742,52.625022888183594,34.08753204345703
2025-08-28,29.58919906616211,52.64402770996094,34.795230865478516
2025-08-29,29.751829147338867,52.79607009887695,34.9222526550293
2025-09-01,29.81879425048828,52.834075927734375,35.201515197753906
2025-09-02,29.97185707092285,52.634525299072266,34.6024169921875
2025-09-03,29.713560104370117,52.834075927734375,34.3028678894043
2025-09-04,29.713560104370117,52.938602447509766,34.439029693603516
2025-09-05,29.263935089111328,53.42323684692383,34.82027053833008
2025-09-08,29.378732681274414,53.556270599365234,34.65687942504883
2025-09-09,29.60833168029785,53.39472579956055,34.35733413696289
2025-09-10,30.144054412841797,53.76532745361328,34.38456726074219
2025-09-11,30.029254913330078,54.18343734741211,34.44810485839844
2025-09-12,29.828359603881836,54.164432525634766,33.93069839477539
2025-09-15,30.08665657043457,54.639556884765625,34.493492126464844
2025-09-16,30.16318702697754,54.82960891723633,34.40271759033203
2025-09-17,30.34494972229004,54.92463302612305,34.892887115478516
2025-09-18,30.048389434814453,54.820106506347656,34.93827438354492
2025-09-19,29.713560104370117,55.03866195678711,35.401214599609375
2025-09-22,30.01012420654297,55.11468505859375,34.892887115478516
2025-09-23,30.517148971557617,54.80109786987305,35.446598052978516
2025-09-24,31.205936431884766,55.010154724121094,35.21059036254883
2025-09-25,30.95720863342285,55.31423568725586,34.929195404052734
2025-09-26,30.851974487304688,54.24995422363281,35.1016731262207
2025-09-29,30.431049346923828,54.43050003051758,35.30136489868164
2025-09-30,30.096220016479492,54.715579986572266,35.46475601196289
2025-10-01,30.01968765258789,55.409263610839844,34.826927185058594
2025-10-02,29.732694625854492,55.77986145019531,34.44551086425781
2025-10-03,29.65616226196289,55.67533493041992,34.69979476928711
2025-10-06,29.3882999420166,56.625587463378906,34.300209045410156
2025-10-07,29.493532180786133,55.82737350463867,33.755332946777344
2025-10-08,29.321334838867188,56.25498962402344,33.81889343261719
2025-10-09,28.900409698486328,56.16946792602539,33.7644157409668
2025-10-10,28.642112731933594,55.941402435302734,33.72808837890625
2025-10-13,28.91954231262207,56.77762985229492,33.86430740356445
2025-10-14,28.718645095825195,56.77762985229492,34.009605407714844
2025-10-15,28.460350036621094,57.8324089050293,34.009605407714844
2025-10-16,28.173355102539062,57.30026626586914,33.92787551879883
2025-10-17,28.44121551513672,57.13872528076172,34.045928955078125
2025-10-20,28.460350036621094,57.87042236328125,34.654380798339844
2025-10-21,28.230754852294922,57.775394439697266,34.32745361328125
2025-10-22,28.556015014648438,58.80167007446289,34.60897445678711
2025-10-23,28.881275177001953,58.6876335144043,34.58173370361328
2025-10-24,28.54644775390625,58.65913009643555,34.53632736206055
2025-10-27,28.699512481689453,58.592613220214844,34.826927185058594
2025-10-28,28.689945220947266,59.10574722290039,34.94498062133789
2025-10-29,28.718645095825195,60.179534912109375,35.725975036621094
2025-10-30,28.59427833557129,60.635658264160156,35.68056869506836
2025-10-31,28.460350036621094,62.013526916503906,35.81679916381836
2025-11-03,28.795177459716797,62.09904479980469,36.41429138183594
2025-11-04,28.938674926757812,61.405364990234375,36.305267333984375
2025-11-05,29.512666702270508,62.46014404296875,36.459716796875
2025-11-06,29.665729522705078,62.24158477783203,36.459716796875
2025-11-07,30.785009384155273,61.55739974975586,36.49605941772461
2025-11-10,30.95720863342285,61.96601104736328,36.74136734008789
2025-11-11,31.76079559326172,61.80447006225586,37.450035095214844
2025-11-12,30.9476375579834,62.488651275634766,36.59599685668945
2025-11-13,31.081575393676758,62.40312576293945,36.74136734008789
2025-11-14,31.282466888427734,62.02302169799805,36.88673782348633
2025-11-17,31.454668045043945,61.97551345825195,36.61417007446289
2025-11-18,31.559900283813477,61.785457611083984,36.43246078491211
2025-11-19,31.397266387939453,61.71894073486328,36.205326080322266
2025-11-21,31.158103942871094,61.91850280761719,36.31435775756836
2025-11-24,31.129404067993164,61.85197830200195,36.17807388305664
2025-11-25,30.880674362182617,62.33660888671875,36.25984573364258
2025-11-26,30.832841873168945,63.267860412597656,37.11387252807617
2025-11-27,30.995473861694336,63.030296325683594,36.98666763305664
2025-11-28,30.411916732788086,64.04706573486328,37.83162307739258
2025-12-01,30.469316482543945,64.54119110107422,37.53861999511719
2025-12-02,30.679779052734375,65.0733413696289,38.37483215332031
2025-12-03,30.90937614440918,67.17340087890625,38.37483215332031
2025-12-04,31.110271453857422,68.34220886230469,39.32011795043945
2025-12-05,30.01012420654297,66.7267837524414,37.50226593017578
2025-12-08,30.287551879882812,66.2706527709961,37.68405532836914
2025-12-09,30.4788818359375,66.30867004394531,37.60224533081055
2025-12-10,30.5554141998291,67.52498626708984,37.89817810058594
2025-12-11,30.048389434814453,68.41822814941406,37.86935043334961
2025-12-12,30.2205867767334,68.61000061035156,38.20566940307617
2025-12-15,30.32581901550293,69.02999877929688,38.7822151184082
2025-12-16,29.407432556152344,69.29000091552734,37.782867431640625
2025-12-17,29.732694625854492,70.16999816894531,37.44655227661133
2025-12-18,29.560497283935547,70.3499984741211,37.638736724853516
2025-12-19,29.665729522705078,70.8499984741211,37.98466873168945
2025-12-22,29.751829147338867,72.91999816894531,38.0615348815918
2025-12-23,29.91182518005371,72.9000015258789,38.686126708984375
2025-12-26,30.01051139831543,73.12000274658203,38.69861602783203
2025-12-29,30.32630729675293,72.12000274658203,38.5798454284668
2025-12-30,30.415124893188477,71.95999908447266,38.8272819519043
